-- phpMyAdmin SQL Dump
-- version 5.1.3
-- https://www.phpmyadmin.net/
--
-- Host: 127.0.0.1
-- Generation Time: Aug 24, 2022 at 11:34 AM
-- Server version: 10.4.24-MariaDB
-- PHP Version: 7.4.28

SET SQL_MODE = "NO_AUTO_VALUE_ON_ZERO";
START TRANSACTION;
SET time_zone = "+00:00";


/*!40101 SET @OLD_CHARACTER_SET_CLIENT=@@CHARACTER_SET_CLIENT */;
/*!40101 SET @OLD_CHARACTER_SET_RESULTS=@@CHARACTER_SET_RESULTS */;
/*!40101 SET @OLD_COLLATION_CONNECTION=@@COLLATION_CONNECTION */;
/*!40101 SET NAMES utf8mb4 */;

--
-- Database: `gondar_cinema`
--

-- --------------------------------------------------------

--
-- Table structure for table `account`
--

CREATE TABLE `account` (
  `Account_id` int(11) NOT NULL,
  `First_name` varchar(60) NOT NULL,
  `Last_name` varchar(60) NOT NULL,
  `Gender` varchar(10) NOT NULL,
  `Age` int(11) NOT NULL,
  `Phone_number` varchar(20) NOT NULL,
  `Email_address` varchar(50) NOT NULL,
  `Username` varchar(30) NOT NULL,
  `Password` varchar(200) NOT NULL,
  `Profile_pic` varchar(300) NOT NULL,
  `Account_type` varchar(20) NOT NULL DEFAULT 'customer'
) ENGINE=InnoDB DEFAULT CHARSET=utf8mb4;

--
-- Dumping data for table `account`
--

INSERT INTO `account` (`Account_id`, `First_name`, `Last_name`, `Gender`, `Age`, `Phone_number`, `Email_address`, `Username`, `Password`, `Profile_pic`, `Account_type`) VALUES
(1, 'daniel', 'yetesha', 'male', 24, '0965570891', 'danielyetesha2010@gmail.com', 'daniel', '$2y$10$L.ilbLrEEq4Y.DPJMDld1uZrmd6aHHsYxcpaCmqejY4ZbqJ7ScoJm', '1660977235571.jpg', 'admin'),
(16, 'solomon', 'getaneh', 'male', 21, '0988776655', 'adadismovieschannel@gmail.com', 'solomon', '$2y$10$UBcPlWod0pjfFn8p9y/aReZicoRjNhoeNjF7e7v0jJkZJ21OjMBWG', '1661283661selfiecamera_2021-05-12-01-29-30-230.jpg', 'customer'),
(17, 'yilhal', 'eskeziyaw', 'male', 25, '0911223344', 'yilhaleskeziyaw@gmail.com', 'yilhal', '$2y$10$zscBzYkhfOydOxG69Y09muJiO6yGkmE52rLv3w2hgQOSqsYS41Yyq', 'profile4.jpg', 'customer'),
(19, 'bereket', 'zerihun', 'male', 22, '0944667778', 'bereketzerihun@gmail.com', 'beka', '$2y$10$fVVzeXnmUfaaCXZDeZdD.uZpHzAAasRnFcmCn1ypv8JM3qXcvBVuu', '1661030389496.jpg', 'customer'),
(36, 'biruk', 'kefelegn', 'male', 24, '0911234566', 'birukkefelegn@gmail.com', 'bereket', '$2y$10$TuxRaEAK379tyKVpPMQLm.YspmtV/.wi2yLE.QE93G7Gd/I2T80cW', '1661251991383.jpg', 'customer'),
(37, 'dibekulu', 'melese', 'male', 32, '0925278849', 'dibekulumelese@gmail.com', 'dibekulu', '$2y$10$xPpoWpWOsBhhmEeQum5Ax.23lt4AYeJfJaYEp1sEkpUchctmB14qq', '1661291696IMG_20210508_155409_8.jpg', 'customer'),
(38, 'daniel', 'tades', 'male', 20, '0911234568', 'danieltadese@gmail.com', 'tadese', '$2y$10$IJiFXPgC2GM.EiQWsAQqgOrXxksIhOOxcL8V7oGs3HkZbgBh8Tz6e', '1661024394491.jpg', 'employee'),
(41, 'tadele', 'dagna', 'male', 23, '0987654321', 'tadeledagnaw@gmail.com', 'tadele', '$2y$10$/D7lOe7hmPeqiExkyAUAgu7tLqSwFTDOVvXfQAHZPFTRVtA2dw6SK', 'profile2.jpg', 'employee'),
(44, 'abel', 'kefelegn', 'female', 22, '0926836288', 'abel@gmail.com', 'abel', '$2y$10$ahhboMjdq1b8zrVyg8kpg.jTE1SfdfhSkPIGLcxg7RKVEqi6iTwcG', '1658975562corona.jpg', 'customer'),
(45, 'anton', 'gozeb', 'male', 22, '0991929282', 'anton@gmail.com', 'anton1', '$2y$10$YDKmDUxIxK9Z74K/HctDQuGe.T7pod01eclAULon5SbqQFYUT75Bq', '1658976188photo_2022-07-19_02-02-24.jpg', 'customer'),
(46, 'adis', 'dkjlfj', 'male', 44, '0988765444', 'employee@gmail.com', 'jsjjs', '$2y$10$xPpoWpWOsBhhmEeQum5Ax.23lt4AYeJfJaYEp1sEkpUchctmB14qq', '1659105262num5.jpg', 'customer'),
(47, 'getch', 'ayana', 'male', 21, '0937393639', 'gech@gmail.com', 'getch', '$2y$10$nLJOgyTwZRiSGlcjEVajsOnSvPdqn2skQuwMjTg22qquJfV8jqTUS', '1659780533IMG_20210506_164120.jpg', 'customer'),
(48, 'elshaday', 'solomom', 'female', 22, '0987393739', 'elshaday@gmail.com', 'elshu', '$2y$10$DxcZz8sUDXuwtEPKNMmU7O2kgfbHoInpC2oZYJh4/OcAMIdF36Th.', '1660769585IMG_0410-1.JPG', 'customer'),
(49, 'test', 'new', 'male', 21, '0933739388', 'test@gmail.com', 'test', '$2y$10$ihCOmsB1fgvxrGhlk4iom.ir3yhWjBZUteIN1DKKFm29qxMDTuy/O', '1660849510154.jpg', 'employee'),
(50, 'receptionist', 'nat', 'male', 43, '0937384937', 'reseption@gmail.com', 'reseption', '$2y$10$zwO.wctM4SNdid9qgueH2e79qiQvdb/eY12sdHYSMhu1W0syheEq2', '1660850027305.jpg', 'employee'),
(54, 'ene', 'negn', 'male', 22, '0937383826', 'ene@gmail.com', 'enen', '$2y$10$gwriZxkp4rc62c5mXTSqbODgeCZxoEIPLIC38NHShDz68ZGkhKVCy', '16608500801744.jpg', 'employee'),
(59, 'dani', 'boy', 'male', 23, '0935278272', 'danii@gmail.com', 'dani1', '$2y$10$PlU.tPiMQ2EabCrinSsBseM8dcfMhdy.hVj4es6suIN3SZkoj/4f.', '1660909566313.jpg', 'customer'),
(61, 'ticket', 'checker', 'male', 30, '0938337387', 'ticket@gmail.com', 'ticket', '$2y$10$XrXLGSBh8/zcPi.6j6Ofl.BpP0bUEeHPhD4Dd.sVi/CbYRbOiY3qu', '1660912479309.jpg', 'employee'),
(62, 'Tade', 'Dagnaw', 'male', 23, '0915509271', 'dagnawtadele12@gmail.com', '0980262717', '$2y$10$X84dcSYt40xG/Yv4JkTma.uR0afrxY/Z0DLeyNDMMizozunYCSKV2', '1660932768IMG_20220414_104146_585.jpg', 'customer'),
(63, 'Tade', 'Dagnaw', 'male', 23, '0915509271', 'dagnawtadele123@gmail.com', 'Tadele1', '$2y$10$uSrXtZGqc1cHef8exdgPPO6HxNwGw/Exx20Yl7ZH3LTcj//RKkER.', '1661030683IMG_20220804_141000.jpg', 'customer'),
(64, 'Dibekulu', 'Fentie', 'male', 24, '0953604991', 'divmeld@GMAIL.COM', 'divmel', '$2y$10$624vlyqQKKgSMR.iMPbjgOIcrQhThCJn7zDvizkyR8W9xLK9n.MZG', '1661113021cvw.png', 'customer'),
(65, 'Eyob', 'Nib', 'male', 23, '0943200176', 'eyob@gmail.com', 'eyob', '$2y$10$xNVH9RnQFdc7l9qGqVNVkuSLDiloWtQhvfFv3zfSpG3zyClzVx6y2', 'default.jpg', 'employee'),
(66, 'Tadele', 'Dagnaw', 'male', 23, '0921317877', 'tade@gmail.com', 'tade', '$2y$10$YdSMc8TbKxIVtKc7se4iieljh7xaOAPdsLGgSCysXc/pUQtmYUFAW', '1661257873', 'customer'),
(67, 'Yilhal', 'Eskeziaw', 'male', 23, '0966322105', 'yilhal12@gmail.com', 'Yilhal', '$2y$10$bpDAZMECKhUqlqatpMHyk.MZoVpH9/PTCjlJK.59EtI6uhjEKZiAu', '16611499528GMNoIbYWxHcnKtFtlIvHtqLPCP.jpg', 'customer'),
(68, 'Yilhale', 'Eskeziaw', 'male', 23, '0966322105', 'yilhl112@gmail.com', 'Yilhal', '$2y$10$XQwcondXQ3IbohXePQQkX.VTNEX9m9CSpw4eRztflqi2b21KTxRD6', '1661150341Screenshot_20220818-211645.jpg', 'customer'),
(69, 'Abebe', 'Keb', 'male', 25, '0912345325', 'keb@gmail.com', 'kebede', '$2y$10$agtMPvguOfJccCko7sLQs.5WA3IuznJiMEboIQuq4ZwxCh9Sep4Lu', '1661150451IMG_20180620_044846.jpg', 'customer'),
(70, 'Abi', 'Kebi', 'male', 28, '0912212366', 'abi@gmail.com', 'Abie', '$2y$10$/WT1cSCKQFV0G6Ve.8ITqODoioENyrXARzFXlC9.D1Kq4otYaMWC6', '16611507808SgFVrLPApNZcCMAHLzVBLsIguq.jpg', 'employee'),
(71, 'Yilhal', 'Eskziaw', 'male', 25, '0966322105', 'yilhal@gmail.com', 'Yilhali', '$2y$10$wDSC8Pii/MplSQo6eFZnNujpdNmMKJrchQbXvGz7xto9H./xPCHre', '1661283741IMG_20220724_160841_339.jpg', 'customer'),
(72, 'bereket', 'zerihun', 'male', 23, '0937372839', 'beka@gmail.com', 'beka', '$2y$10$7uiXGrefJdmSFkCj0L7couUlRec8wRiLwL7mT6olZbXzuoFGh.Dzu', 'default.jpg', 'customer');

-- --------------------------------------------------------

--
-- Table structure for table `comment`
--

CREATE TABLE `comment` (
  `Comment_id` int(11) NOT NULL,
  `Customer_id` int(11) NOT NULL,
  `Date` date NOT NULL DEFAULT current_timestamp(),
  `Movie_id` int(11) NOT NULL,
  `Comment_description` text NOT NULL
) ENGINE=InnoDB DEFAULT CHARSET=utf8mb4;

--
-- Dumping data for table `comment`
--

INSERT INTO `comment` (`Comment_id`, `Customer_id`, `Date`, `Movie_id`, `Comment_description`) VALUES
(2, 19, '2022-07-17', 1, 'Goodness, it\'s really bad after season 2, I wish someone had told me to stop watching after season 2. It\'s a perfect ending that leaves a lot to the imagination, there was no need for a continuation'),
(3, 36, '2022-07-17', 2, 'እኔ ኤርትራዊ ነይ ለምን comment ኣልበዛም።ኣምሓረኛ ትሓጽረኒ ያኣ ሶሪኢ ግን ክብሎ ዝደሊ ኣነ filme ይሪኢ የ ሞ ከምዚኣ ጌሩ ኣብ ደመይ ዛኣተወት filme የለን ንምንታይ comment ዘይተብዙሑላ አገርም\'ዩ ብዝኮነ like ሃቡለይ ወደሓንኩም'),
(16, 36, '2022-08-06', 3, 'betam new filmun lemayet yeguaguahut tolo schedule adirgachihu bitasayun arif new'),
(19, 16, '2022-08-06', 1, 'does it still not scheduled my poor money heist'),
(20, 16, '2022-08-06', 1, 'hi all'),
(21, 16, '2022-08-06', 3, 'the posture is so cool'),
(22, 36, '2022-08-08', 2, 'ፊልም መሆኑ ሁሉ አጠራጠረኝ።ወጋየሁ አሳዘነችኝ ጣሰውን ድፍት ያድርገው።ዳዊት በሽማግሌው መድሀኒት በዳነ።እባካችሁ አድኑት።የዳዊትን ወንድም ልቦና ይስጠው።እናናዬ ውድድድድድ አደርግሻለሁ።ግራ ገባኝ ስለሷ።ሩጫ ብትወዳደር ተጨማሪ ተሰጥኦዋ ይመስለኛል።ደግሜ እላለሁ ጣሰውን ይድፋው።ጣሰው የመሰለኝ የብአዲን ብልፅግና አመራሮችን ነው ሀገር ሻጭ።ለልጁ ምንም አያስብም።አጋሰስ ከነግብረአበሮቹ ይድፋው።የጣሰው ልጅ የራሷ ጉዳይ የዳዊት እናት ትመለስ።የእናና እናትም ሞታለች።አጦዛችሁት'),
(24, 45, '2022-08-09', 2, 'lets test the comment'),
(47, 63, '2022-08-21', 8, 'Is it the new schedule'),
(48, 16, '2022-08-22', 3, 'test comment'),
(50, 16, '2022-08-22', 3, 'i am admin'),
(51, 48, '2022-08-22', 1, 'ፍቅርን በልቤ አትሜ ለቃል እኖራለሁ ብየ ይህዉ በድርሰቱ በግጥሞ በሙዝቃዉ ልቤ ቆስሎ ሞተ ኪያየ እዉነት ነዉ ፍቅር ይበልጣል ግን እኔ ቃል በለጠብኚ ሁሌም አፈቅርሀለሁ ታቃለህ የሁልጊዜ ጥያቄየ ቃል ወይስ ፍቅር ነበር ድርሰቱን ሳልሰጣችሁ ሰረቃችሁኚ ይገርማል'),
(52, 48, '2022-08-22', 1, 'It’s such a brilliant and authentic drama series… this last episode is the reflection of our country’s reality as it is dedicated to all the civilians that has been killed because of who they are and by direct war. This episode tells the only way out of this madnesses is peaceful discussion and on top of all FORGIVENESS. I appreciate the effort you put in to this series and the sacrifices all “eregnaye”crew made. TEBAREKU!'),
(53, 48, '2022-08-22', 2, 'በእንባ ነዉ የጨረስኩት ።በሀገራችንም በአለም ሁሉ የተበተነው የኢትዮጵያ ልጆች ተሰብስበን ፣እርቅ አውርደን ኢትዮጵያን እንድንገነባ መልእክቴ ነው።ሁላችንም በያለንበት ተስማምተን እንኑር ።ለሁሉም የድራማው አባላት ክብር  እንሰጣለን ።❤❤❤'),
(55, 16, '2022-08-23', 10, 'test for comment'),
(56, 66, '2022-08-23', 2, 'best of moves'),
(57, 36, '2022-08-23', 2, 'hi all'),
(58, 16, '2022-08-23', 8, 'what'),
(59, 16, '2022-08-23', 11, 'wow');

-- --------------------------------------------------------

--
-- Table structure for table `contact_us`
--

CREATE TABLE `contact_us` (
  `Contact_id` int(11) NOT NULL,
  `First_name` varchar(50) NOT NULL,
  `Last_name` varchar(50) NOT NULL,
  `Email_address` varchar(100) NOT NULL,
  `Subject` varchar(200) NOT NULL,
  `Message` text NOT NULL,
  `Date` date NOT NULL DEFAULT current_timestamp()
) ENGINE=InnoDB DEFAULT CHARSET=utf8mb4;

--
-- Dumping data for table `contact_us`
--

INSERT INTO `contact_us` (`Contact_id`, `First_name`, `Last_name`, `Email_address`, `Subject`, `Message`, `Date`) VALUES
(14, 'daniel', 'yetesha', 'danielyetesha2010@gmail.com', 'final presentation', 'this is test for sending feedback\r\n', '2022-08-22'),
(15, 'daniel', 'yetesha', 'danielyetesha2010@gmail.com', 'final presentation', 'this is test for sending feedback\r\n', '2022-08-22'),
(17, 'yilh', 'eske', 'yel@gmail.com', 'lkjlkj;l', 'lkjl;kj;lj;lj;l', '2022-08-23');

-- --------------------------------------------------------

--
-- Table structure for table `customer`
--

CREATE TABLE `customer` (
  `Customer_id` int(11) NOT NULL,
  `Balance` int(11) NOT NULL,
  `code` int(11) NOT NULL,
  `Status` varchar(30) NOT NULL DEFAULT 'active',
  `Request` int(11) NOT NULL DEFAULT 0
) ENGINE=InnoDB DEFAULT CHARSET=utf8mb4;

--
-- Dumping data for table `customer`
--

INSERT INTO `customer` (`Customer_id`, `Balance`, `code`, `Status`, `Request`) VALUES
(16, 400, 0, 'active', 0),
(17, 5, 0, 'active', 0),
(19, 5, 0, 'active', 0),
(36, 709, 0, 'active', 0),
(37, 5, 0, 'active', 0),
(44, 5, 0, 'active', 0),
(45, 5, 0, 'active', 0),
(46, 5, 0, 'active', 0),
(47, 5, 0, 'active', 0),
(48, 0, 0, 'active', 0),
(59, 0, 0, 'active', 0),
(62, 0, 0, 'active', 0),
(63, 0, 0, 'active', 0),
(64, 0, 0, 'active', 0),
(66, 0, 0, 'active', 0),
(67, 0, 0, 'active', 0),
(68, 0, 0, 'active', 0),
(69, 0, 0, 'active', 0),
(71, 0, 0, 'active', 0),
(72, 0, 0, 'active', 0);

-- --------------------------------------------------------

--
-- Table structure for table `employee`
--

CREATE TABLE `employee` (
  `Employee_id` int(11) NOT NULL,
  `Status` varchar(20) NOT NULL,
  `Request` int(11) NOT NULL,
  `Role` varchar(50) NOT NULL DEFAULT 'normal'
) ENGINE=InnoDB DEFAULT CHARSET=utf8mb4;

--
-- Dumping data for table `employee`
--

INSERT INTO `employee` (`Employee_id`, `Status`, `Request`, `Role`) VALUES
(38, 'active', 0, 'normal'),
(41, 'active', 0, 'normal'),
(49, 'active', 0, 'normal'),
(50, 'active', 0, 'normal'),
(54, 'active', 0, 'ticket_checker'),
(61, 'active', 0, 'ticket_checker'),
(65, 'active', 0, 'normal'),
(70, 'active', 0, 'normal');

-- --------------------------------------------------------

--
-- Table structure for table `log_file`
--

CREATE TABLE `log_file` (
  `Log_id` int(11) NOT NULL,
  `Account_id` int(11) NOT NULL,
  `Action` varchar(1000) NOT NULL,
  `Date_time` datetime NOT NULL DEFAULT current_timestamp(),
  `Detail` text NOT NULL
) ENGINE=InnoDB DEFAULT CHARSET=utf8mb4;

--
-- Dumping data for table `log_file`
--

INSERT INTO `log_file` (`Log_id`, `Account_id`, `Action`, `Date_time`, `Detail`) VALUES
(1, 38, 'Send Activation Request', '2022-08-18 19:04:57', 'A customer whose account id is 38 and name is tadese request the admin for his/her account activation'),
(3, 1, 'Comment on movie', '2022-08-18 19:22:21', 'admin whose account id is 1 and name is daniel commented on the movie title called sisit. and the comment say that -- i am admin --'),
(4, 36, 'Comment on movie', '2022-08-18 19:26:57', 'customer whose account id is 36 and name is biruk commented on the movie title called sisit. and the comment say that -- hello everyone --'),
(5, 36, 'Comment on movie', '2022-08-18 19:37:30', 'customer whose account id is 36 and name is biruk commented on the movie title called Money heist. and the comment say that -- lets test the comment --'),
(6, 1, 'Register employee', '2022-08-18 19:47:31', 'admin Added an employee whose name istest new and email address =  , age = 21'),
(7, 1, 'Register employee', '2022-08-18 22:01:15', 'admin Added an employee whose name is receptionist nat and email address =  , age = 43'),
(8, 1, 'Register employee', '2022-08-18 22:09:57', 'admin Added an employee whose name is tesss newa and email address =  , age = 21'),
(11, 1, 'Register employee', '2022-08-18 22:14:40', 'admin Added an employee whose name is ene negn and email address =  , age = 22'),
(12, 1, 'Edit employee information', '2022-08-18 22:18:58', 'admin change an employee id 54 account information to the name = ene negn and email address =  , age = 22'),
(13, 38, 'Add movie to the site', '2022-08-18 22:50:13', 'employee(tadese) add a movie\r\nthe movie information is\r\nmovie title =  የፍቅር ጥግ\r\nmovie type = comedy\r\nmovie length = 01:50:20\r\nmovie actors = yohanis tefera, makida afewerk,marta goytom,engidasew habte1\r\nmovie description = jnkjn'),
(14, 38, 'Add news to the site', '2022-08-18 23:01:16', 'employee(tadese) add a new information \r\nthe information has : \r\nheadline =  jlkljl\r\ndescription = hkikhjhh jhkjhkjhk'),
(15, 38, 'Add movie to the site', '2022-08-18 23:10:24', 'employee(tadese) add a movie schedule \n the schedule information has\nmovie title =  የፍቅር ጥግ\ndate = 2022-02-02\nprice = 24\nmumber of seat = 53'),
(16, 48, 'Change password', '2022-08-18 23:20:23', 'customer(elshu) change his or her password'),
(17, 1, 'Delete customer feedback', '2022-08-19 09:28:46', 'admin(daniel) delete a alkjlkj lkjs feedback for the system the feedback was created at 2022-08-19 and it has : \n subject = kljllkj \nfeedback description =  jljkljljlj'),
(20, 36, 'Customer delete his Comment', '2022-08-19 09:57:27', 'customer(biruk) delete his comment on movie title = the comment was created at  and it says : \n comment = '),
(21, 36, 'Customer delete his Comment', '2022-08-19 10:00:14', 'customer(biruk) delete his comment on movie title = the comment was created at  and it says : \n comment = '),
(22, 36, 'Customer delete his Comment', '2022-08-19 10:01:28', 'customer(biruk) delete his comment on movie title = sisitthe comment was created at 2022-08-19 and it says : \n comment = let us test'),
(23, 36, 'Customer delete his Comment', '2022-08-19 10:06:32', 'customer(biruk) delete his comment on movie title = sisitthe comment was created at 2022-08-19 and it says : \n comment = a'),
(24, 36, 'Customer delete his Comment', '2022-08-19 10:07:11', 'customer(biruk) delete his comment on movie title = sisitthe comment was created at 2022-08-19 and it says : \n comment = b'),
(25, 36, 'Customer delete his Comment', '2022-08-19 10:08:07', 'customer(biruk) delete his comment on movie title = sisitthe comment was created at 2022-08-19 and it says : \n comment = c'),
(26, 36, 'Customer delete his Comment', '2022-08-19 10:09:40', 'customer(biruk) delete his comment on movie title = sisitthe comment was created at 2022-08-19 and it says : \n comment = a'),
(27, 36, 'Customer delete his Comment', '2022-08-19 10:10:25', 'customer(biruk) delete his comment on movie title = sisitthe comment was created at 2022-08-19 and it says : \n comment = b'),
(28, 36, 'Customer delete his Comment', '2022-08-19 10:10:33', 'customer(biruk) delete his comment on movie title = sisitthe comment was created at 2022-08-19 and it says : \n comment = c'),
(29, 36, 'Customer delete his Comment', '2022-08-19 10:11:38', 'customer(biruk) delete his comment on movie title = sisitthe comment was created at 2022-08-19 and it says : \n comment = d'),
(30, 36, 'Customer delete his Comment', '2022-08-19 10:19:25', 'customer(biruk) delete his comment on movie title = sisitthe comment was created at 2022-08-19 and it says : \n comment = a'),
(31, 36, 'Customer delete his Comment', '2022-08-19 10:23:03', 'customer(biruk) delete his comment on movie title = sisitthe comment was created at 2022-08-19 and it says : \n comment = v'),
(32, 36, 'Customer delete his Comment', '2022-08-19 10:24:28', 'customer(biruk) delete his comment on movie title = Agachethe comment was created at 2022-08-06 and it says : \n comment = betam new filmun lemayet yeguaguahut tolo schedule adirgachihu bitasayun arif new'),
(33, 36, 'Customer delete his Comment', '2022-08-19 10:24:38', 'customer(biruk) delete his comment on movie title = Agachethe comment was created at 2022-08-06 and it says : \n comment = betam new filmun lemayet yeguaguahut tolo schedule adirgachihu bitasayun arif new'),
(34, 1, 'Delete customer feedback', '2022-08-19 11:55:09', 'admin(daniel) delete a  s feedback for the system the feedback was created at  and it has : \n subject =  \nfeedback description =  '),
(35, 1, 'Register employee', '2022-08-19 15:29:09', 'admin Added an employee whose name is ticket checker and email address =  , age = 30 , Role = ticket_checker'),
(36, 1, 'Register employee', '2022-08-19 15:34:39', 'admin Added an employee whose name is ticket checker and email address =  , age = 30 , Role = ticket_checker'),
(37, 61, 'Change password', '2022-08-19 15:35:19', 'employee(ticket) change his or her password'),
(38, 61, 'Change password', '2022-08-19 15:38:19', 'employee(ticket) change his or her password'),
(39, 48, 'Customer delete his Comment', '2022-08-19 16:38:07', 'customer(elshu) delete his comment on movie title = sisitthe comment was created at 2022-08-19 and it says : \n comment = i love you elshu'),
(40, 36, 'Comment on movie', '2022-08-19 19:42:20', 'customer whose account id is 36 and name biruk commented on the movie title called . and the comment say that --  --'),
(41, 36, 'Comment on movie', '2022-08-19 19:42:56', 'customer whose account id is 36 and name biruk commented on the movie title called . and the comment say that --  --'),
(42, 38, 'Change password', '2022-08-20 19:32:47', 'employee(tadese) change his or her password'),
(43, 38, 'Send Activation Request', '2022-08-20 19:50:43', 'employee whose account id is 38 and name is tadese request the admin for his/her account activation'),
(45, 38, 'Add news to the site', '2022-08-20 20:55:24', 'employee(tadese) add a new information \n the information has : \n  headline =  test\n  description = check'),
(46, 38, 'Add news to the site', '2022-08-20 20:55:41', 'employee(tadese) add a new information \n the information has : \n  headline =  another\n  description = test'),
(48, 38, 'Employee delete news', '2022-08-20 20:57:44', 'employee(tadese) delete a news which has released by employee id with news information : \n Headline = ull description =  '),
(49, 38, 'Employee delete news', '2022-08-20 20:58:40', 'employee(tadese) delete a news which has released by employee id 38with news information : \n Headline = jlkljlull description =  hkikhjhh jhkjhkjhk'),
(50, 38, 'Employee edit movie information', '2022-08-20 21:33:19', 'employee change movie information the changed information is :\n movie title :Agache====> Agache \n movie type :romance====> action \n movie length :01:21:48====> 01:21:48 \n Actors :misgana atnafu , samrawit mesfin , frehiwot bogale , frew abebe , damene garede , yohans yared====> misgana atnafu , samrawit mesfin , frehiwot bogale , frew abebe , damene garede , yohans yared \n Description :produced by yene neh film production\r\nproducer : biruk hailu\r\nexcutive producer : ansaro ofishal camera\r\nediting and sound : ezayen girma====> produced by yene neh film production\r\nproducer : biruk hailu\r\nexcutive producer : ansaro ofishal camera\r\nediting and sound : ezayen girma'),
(51, 38, 'user edit profile information\r\n', '2022-08-20 22:39:54', 'tadese change his profile information to :\n first name :daniel====> daniel \n last name :tades====> tades \n email address :danieltadese@gmail.com====> danieltadese@gmail.com \n phone number :0911234568====> 0911234568 \n username :tadese====> tadese \n age :20====> 20 \n Gender :male====> male'),
(52, 19, 'Change password', '2022-08-21 00:18:59', '() change his or her password'),
(53, 19, 'User edit profile information', '2022-08-21 00:19:49', 'bereket change his profile information to :\n first name :bereket====> bereket \n last name :zerihun====> zerihun \n email address :bereketzerihun@gmail.com====> bereketzerihun@gmail.com \n phone number :0944667778====> 0944667778 \n username :bereket====> bereket \n age :22====> 22 \n Gender :male====> male'),
(54, 36, 'Comment on movie', '2022-08-21 16:19:37', 'customer whose account id is 36 and name biruk commented on the movie title called . and the comment say that --  --'),
(55, 36, 'Comment on movie', '2022-08-21 16:20:12', 'customer whose account id is 36 and name biruk commented on the movie title called . and the comment say that --  --'),
(56, 36, 'Comment on movie', '2022-08-21 16:21:02', 'customer whose account id is 36 and name biruk commented on the movie title called . and the comment say that --  --'),
(57, 36, 'Customer payed successfuly', '2022-08-21 19:20:00', 'customer(biruk) payed 1 birr'),
(58, 63, 'Comment on movie', '2022-08-21 22:39:17', 'customer whose account id is 63 and name Tadele1 commented on the movie title called . and the comment say that --  --'),
(59, 1, 'Admin reset employee password', '2022-08-21 22:43:15', 'admin(daniel) reset the password on an employee id = 50'),
(60, 50, 'Change password', '2022-08-21 22:44:02', 'employee(Reseption) change his or her password'),
(61, 50, 'Employee edit news information', '2022-08-21 22:49:00', 'employee change news information the changed information is : ,   Headline :test====> Gajsji sjsibs hsksve  ,   Description :check====> checkdj dushsksb'),
(65, 16, 'Change password', '2022-08-21 22:58:14', '() change his or her password'),
(66, 50, 'Add movie to the site', '2022-08-21 23:02:03', 'employee(Reseption) add a movie schedule  ,   the schedule information has ,  movie title =  Money heist ,  date = 27-08-2022 ,  price = 0 ,  mumber of seat = 800'),
(67, 50, 'Employee delete schedule', '2022-08-21 23:02:20', 'employee(Reseption) delete a schedule which has schedule information of : ,  schedule date : 0000-00-00 ,  schedule time : 04:15:00 ,   price = 0 ,  number of seat =  800 ,  number of available seat =  800'),
(69, 1, 'Admin activate an employee', '2022-08-21 23:06:10', 'admin(Daniel) change employee id 38 status to active'),
(70, 1, 'Admin activate an employee', '2022-08-21 23:06:13', 'admin(Daniel) change employee id 38 status to active'),
(71, 1, 'Admin deactivate an employee', '2022-08-21 23:06:30', 'admin(Daniel) change employee id 50 status to deactive'),
(72, 50, 'Send Activation Request', '2022-08-21 23:06:59', 'employee whose account id is 50 and name is reseption request the admin for his/her account activation'),
(73, 1, 'Admin activate an employee', '2022-08-21 23:08:28', 'admin(Daniel) change employee id 50 status to active'),
(74, 1, 'Admin reset employee password', '2022-08-21 23:08:42', 'admin(Daniel) reset the password on an employee id = 50'),
(75, 50, 'Change password', '2022-08-21 23:09:24', 'employee(reseption) change his or her password'),
(76, 16, 'Comment on movie', '2022-08-22 01:20:04', 'customer whose account id is 16 and name solomon commented on the movie title called Agache. and the comment say that -- test comment --'),
(77, 16, 'Comment on movie', '2022-08-22 01:21:32', 'customer whose account id is 16 and name solomon commented on the movie title called Agache. and the comment say that -- test commenttt --'),
(78, 16, 'Comment on movie', '2022-08-22 01:23:27', 'customer whose account id is 16 and name solomon commented on the movie title called Agache. and the comment say that -- i am admin --'),
(79, 16, 'Comment on movie', '2022-08-22 01:24:43', 'customer whose account id is 16 and name solomon commented on the movie title called . and the comment say that --  --'),
(80, 16, 'Customer replay for comment', '2022-08-22 01:27:44', 'customer whose account id is 16 and name solomon replay the message for comment id 50. and the replay say that -- so what --'),
(81, 16, 'Customer replay for comment', '2022-08-22 01:31:10', 'customer whose account id is 16 and name solomon replay the message for comment id 49. and the replay say that -- please replay me --'),
(82, 16, 'Customer replay for comment', '2022-08-22 01:32:06', 'customer whose account id is 16 and name solomon replay the message for comment id 48. and the replay say that -- please replay me --'),
(83, 48, 'Customer replay for comment', '2022-08-22 01:39:59', 'customer whose account id is 48 and name elshu replay the message for comment id 24. and the replay say that -- ለዚህ ፊልም ደራሲያንና ተዋንያን ሁሉ እግዚአብሔር    ዕውቀትና ጥበቡን ያብዛላችሁ!!!!! እረኛዬ!!!!  በውነቱ የአብዛኛው ኢትዮጵያውያንን ስሜትና ሞራል ፍንትው አድርጋችሁ አሳያችሁን!! አመሰግናለሁ ። --'),
(84, 48, 'Customer replay for comment', '2022-08-22 01:40:42', 'customer whose account id is 48 and name elshu replay the message for comment id 3. and the replay say that -- ለዚህ ፊልም ደራሲያንና ተዋንያን ሁሉ እግዚአብሔር    ዕውቀትና ጥበቡን ያብዛላችሁ!!!!! እረኛዬ!!!!  በውነቱ የአብዛኛው ኢትዮጵያውያንን ስሜትና ሞራል ፍንትው አድርጋችሁ አሳያችሁን!! አመሰግናለሁ ። --'),
(85, 1, 'Register employee', '2022-08-22 09:08:55', 'admin Added an employee whose name is Eyob Nib and email address =  , age = 23 , Role = normal'),
(86, 38, 'Add movie to the site', '2022-08-22 09:15:12', 'employee(Tadese) add a movie schedule  ,   the schedule information has ,  movie title =  Money heist ,  date = 10/12/2022 ,  price = 200 ,  mumber of seat = 800'),
(87, 38, 'Add movie to the site', '2022-08-22 09:16:50', 'employee(Tadese) add a movie schedule  ,   the schedule information has ,  movie title =  Money heist ,  date = 10/12/2022 ,  price = 200 ,  mumber of seat = 800'),
(88, 1, 'Register employee', '2022-08-22 09:46:20', 'admin Added an employee whose name is Abi Kebi and email address =  , age = 28 , Role = normal'),
(89, 38, 'Add movie to the site', '2022-08-22 09:54:51', 'employee(Tadese) add a movie schedule  ,   the schedule information has ,  movie title =  Money heist ,  date = 29/5/2022 ,  price = 200 ,  mumber of seat = 800'),
(90, 38, 'Employee delete schedule', '2022-08-22 10:01:38', 'employee(Tadese) delete a schedule which has schedule information of : ,  schedule date : 0000-00-00 ,  schedule time : 00:53:00 ,   price = 200 ,  number of seat =  800 ,  number of available seat =  800'),
(91, 66, 'User edit profile information', '2022-08-22 10:05:04', 'tade change his profile information to : ,   first name :Tade====> Tadele  ,   last name :Dag====> Dagnaw  ,   email address :tade@gmail.com====> tade@gmail.com  ,   phone number :0921317877====> 0921317877  ,   username :tade====> tade  ,   age :23====> 23  ,   Gender :male====> male'),
(92, 1, 'Admin deactivate an employee', '2022-08-22 13:10:55', 'admin(daniel) change employee id 38 status to deactive'),
(93, 1, 'Admin deactivate an employee', '2022-08-22 13:11:03', 'admin(daniel) change employee id 41 status to deactive'),
(94, 1, 'Admin deactivate an employee', '2022-08-22 13:11:10', 'admin(daniel) change employee id 41 status to deactive'),
(95, 1, 'Admin activate an employee', '2022-08-22 13:11:14', 'admin(daniel) change employee id 41 status to active'),
(97, 1, 'Admin activate an employee', '2022-08-22 13:12:36', 'admin(daniel) change employee id 41 status to active'),
(98, 1, 'Admin activate an employee', '2022-08-22 13:12:40', 'admin(daniel) change employee id 38 status to active'),
(99, 1, 'Admin deactivate an employee', '2022-08-22 13:12:44', 'admin(daniel) change employee id 38 status to deactive'),
(100, 1, 'Admin deactivate an employee', '2022-08-22 13:15:12', 'admin(daniel) change employee id 38 status to deactive'),
(101, 1, 'Admin activate an employee', '2022-08-22 13:15:21', 'admin(daniel) change employee id 38 status to active'),
(102, 1, 'Delete customer feedback', '2022-08-22 13:15:54', 'admin(daniel) delete a abebe kebedes feedback for the system the feedback was created at 2022-08-03 and it has :  ,   subject = limitation  ,  feedback description =  the system does not support online cinema'),
(103, 67, 'Change password', '2022-08-22 13:31:46', '() change his or her password'),
(104, 38, 'Add movie to the site', '2022-08-22 13:33:38', 'employee(tadese) add a movie schedule  ,   the schedule information has ,  movie title =  የፍቅር ጥግ ,  date = 28-08-2022 ,  price = 600 ,  mumber of seat = 800'),
(105, 38, 'Add movie to the site', '2022-08-22 13:40:26', 'employee(tadese) add a movie schedule  ,   the schedule information has ,  movie title =  Money heist ,  date = 2022-08-27 ,  price = 222 ,  mumber of seat = 800'),
(106, 38, 'Employee delete schedule', '2022-08-22 13:53:29', 'employee(tadese) delete a schedule which has schedule information of : ,  schedule date : 0000-00-00 ,  schedule time : 16:06:00 ,   price = 600 ,  number of seat =  800 ,  number of available seat =  800'),
(107, 38, 'Employee delete schedule', '2022-08-22 13:53:37', 'employee(tadese) delete a schedule which has schedule information of : ,  schedule date : 2022-08-27 ,  schedule time : 12:00:00 ,   price = 222 ,  number of seat =  800 ,  number of available seat =  800'),
(108, 38, 'Employee delete schedule', '2022-08-22 13:53:43', 'employee(tadese) delete a schedule which has schedule information of : ,  schedule date : 0000-00-00 ,  schedule time : 00:00:00 ,   price = 200 ,  number of seat =  800 ,  number of available seat =  800'),
(109, 38, 'Employee delete schedule', '2022-08-22 13:53:51', 'employee(tadese) delete a schedule which has schedule information of : ,  schedule date : 0000-00-00 ,  schedule time : 00:00:00 ,   price = 200 ,  number of seat =  800 ,  number of available seat =  800'),
(110, 38, 'Add movie to the site', '2022-08-22 17:40:26', 'employee(Tadese) add a movie  ,   the movie information is ,  movie title =  Eregnaye ,  movie type = family ,  movie length = 2:30 ,  movie actors = A,v,n ,  movie description = Hsksvbsi'),
(111, 38, 'Employee edit movie information', '2022-08-22 17:41:33', 'employee change movie information the changed information is : ,   movie title :Eregnaye====> Eregnaye  ,   movie type :family====> family  ,   movie length :02:30:00====> 02:30:00  ,   Actors :A,v,n====> A,v,n  ,   Description :Hsksvbsi====> Hsksvbsi'),
(112, 38, 'Employee edit movie information', '2022-08-22 17:41:58', 'employee change movie information the changed information is : ,   movie title :Eregnaye====> Eregnaye  ,   movie type :family====> family  ,   movie length :02:30:00====> 02:30:00  ,   Actors :A,v,n====> A,v,n  ,   Description :Hsksvbsi====> Hsksvbsi'),
(113, 38, 'Employee delete movie', '2022-08-22 17:42:58', 'employee(Tadese) delete a movie which movie information is : ,   movie title = Eregnaye ,  movie type =   ,  movie actors = 9 ,  movie description = 9'),
(114, 17, 'Change password', '2022-08-23 11:21:42', '() change his or her password'),
(115, 19, 'Change password', '2022-08-23 11:56:31', '() change his or her password'),
(116, 36, 'User edit profile information', '2022-08-23 13:53:11', 'biruk change his profile information to : ,   first name :biruk====> biruk  ,   last name :kefelegn====> kefelegn  ,   email address :birukkefelegn@gmail.com====> birukkefelegn@gmail.com  ,   phone number :0911234566====> 0911234566  ,   username :biruk====> biruk  ,   age :24====> 24  ,   Gender :male====> male'),
(117, 36, 'Customer replay for comment', '2022-08-23 14:00:55', 'customer whose account id is 36 and name biruk replay the message for comment id 3. and the replay say that -- joisoj;oij;s --'),
(118, 36, 'Customer delete his Comment', '2022-08-23 14:01:23', 'customer(biruk) delete his comment on movie title = sisitthe comment was created at 2022-08-23 and it says :  ,   comment = jkhhfssdhdfyj'),
(119, 36, 'Customer payed successfuly', '2022-08-23 14:06:27', 'customer(biruk) payed 60 birr'),
(120, 38, 'Add movie to the site', '2022-08-23 14:11:57', 'employee(tadese) add a movie  ,   the movie information is ,  movie title =  jlkjl ,  movie type = family ,  movie length = 6:80 ,  movie actors = kjhkjhm,ljlk,jijoj ,  movie description = nlkjhkjhik'),
(121, 38, 'Employee edit movie information', '2022-08-23 14:12:41', 'employee change movie information the changed information is : ,   movie title :jlkjl====> jlkjl  ,   movie type :family====> family  ,   movie length :00:00:00====> 10:20:00  ,   Actors :kjhkjhm,ljlk,jijoj====> kjhkjhm,ljlk,jijoj  ,   Description :nlkjhkjhik====> nlkjhkjhik'),
(122, 38, 'Add movie to the site', '2022-08-23 14:14:13', 'employee(tadese) add a movie schedule  ,   the schedule information has ,  movie title =  jlkjl ,  date = 2022-08-29 ,  price = 48 ,  mumber of seat = 800'),
(123, 16, 'Change password', '2022-08-23 14:18:41', '() change his or her password'),
(124, 38, 'Employee delete schedule', '2022-08-23 14:20:41', 'employee(tadese) delete a schedule which has schedule information of : ,  schedule date : 2022-08-29 ,  schedule time : 01:13:00 ,   price = 48 ,  number of seat =  800 ,  number of available seat =  800'),
(125, 38, 'Employee delete news', '2022-08-23 14:21:28', 'employee(tadese) delete a news which has released by employee id 38 ,  with news information :  ,   Headline = Gajsji sjsibs hsksve ,  full description =  checkdj dushsksb'),
(126, 1, 'Admin reset employee password', '2022-08-23 14:26:34', 'admin(daniel) reset the password on an employee id = 50'),
(127, 50, 'Change password', '2022-08-23 14:27:15', 'employee(reseption) change his or her password'),
(128, 38, 'ticket checker check customer ticket', '2022-08-23 14:30:42', 'employee(tadese) check a customer ticket. the ticket number is 1270032033'),
(129, 38, 'ticket checker check customer ticket', '2022-08-23 14:30:46', 'employee(tadese) check a customer ticket. the ticket number is 1270032033'),
(130, 1, 'Admin deactivate an employee', '2022-08-23 14:33:56', 'admin(daniel) change employee id 38 status to deactive'),
(131, 38, 'Send Activation Request', '2022-08-23 14:34:31', 'employee whose account id is 38 and name is tadese request the admin for his/her account activation'),
(132, 1, 'Admin deactivate an employee', '2022-08-23 14:35:01', 'admin(daniel) change employee id 38 status to deactive'),
(133, 1, 'Admin activate an employee', '2022-08-23 14:35:16', 'admin(daniel) change employee id 38 status to active'),
(134, 1, 'Delete customer feedback', '2022-08-23 14:43:22', 'admin(daniel) delete a dot gegs feedback for the system the feedback was created at 2022-08-23 and it has :  ,   subject = td  ,  feedback description =  betam teru dani '),
(135, 1, 'Admin reset employee password', '2022-08-23 14:44:49', 'admin(daniel) reset the password on an employee id = 49'),
(136, 1, 'Admin reset employee password', '2022-08-23 14:45:33', 'admin(daniel) reset the password on an employee id = 49'),
(137, 1, 'Admin reset employee password', '2022-08-23 15:10:21', 'admin(daniel) reset the password on an employee id = 38'),
(138, 1, 'Admin deactivate an employee', '2022-08-23 15:10:36', 'admin(daniel) change employee id 38 status to deactive'),
(139, 63, 'Change password', '2022-08-23 15:18:50', '() change his or her password'),
(140, 63, 'Change password', '2022-08-23 15:20:32', '() change his or her password'),
(141, 66, 'User edit profile information', '2022-08-23 15:31:13', 'tade change his profile information to : ,   first name :Tadele====> Tadele  ,   last name :Dagnaw====> Dagnaw  ,   email address :tade@gmail.com====> tade@gmail.com  ,   phone number :0921317877====> 0921317877  ,   username :tade====> tade  ,   age :23====> 23  ,   Gender :male====> male'),
(142, 66, 'Customer replay for comment', '2022-08-23 15:34:18', 'customer whose account id is 66 and name tade replay the message for comment id 47. and the replay say that -- when did wesee --'),
(143, 1, 'Admin activate an employee', '2022-08-23 17:34:17', 'admin(daniel) change employee id 38 status to active'),
(144, 1, 'Admin reset employee password', '2022-08-23 17:34:22', 'admin(daniel) reset the password on an employee id = 38'),
(145, 38, 'Change password', '2022-08-23 17:34:52', 'employee(tadese) change his or her password'),
(146, 36, 'Customer replay for comment', '2022-08-23 17:49:06', 'customer whose account id is 36 and name biruk replay the message for comment id 24. and the replay say that -- kjljojs --'),
(147, 16, 'Customer replay for comment', '2022-08-23 19:24:52', 'customer whose account id is 16 and name solomon replay the message for comment id 47. and the replay say that -- again --'),
(148, 16, 'Customer payed successfuly', '2022-08-23 19:48:30', 'customer(solomon) payed 60 birr'),
(149, 16, 'Customer delete his Comment', '2022-08-23 19:52:22', 'customer(solomon) delete his comment on movie title = Agachethe comment was created at 2022-08-22 and it says :  ,   comment = test commenttt'),
(150, 38, 'Add movie to the site', '2022-08-23 19:59:00', 'employee(tadese) add a movie  ,   the movie information is ,  movie title =  eregnaye ,  movie type = family ,  movie length = 01:20:00 ,  movie actors = sayat demise, emama cerinet,... ,  movie description = pkljjlkj'),
(151, 16, 'Comment on movie', '2022-08-23 20:00:42', 'customer whose account id is 16 and name solomon commented on the movie title called eregnaye. and the comment say that -- wow --'),
(152, 38, 'Add movie to the site', '2022-08-23 20:05:20', 'employee(tadese) add a movie schedule  ,   the schedule information has ,  movie title =  eregnaye ,  date = 2022-08-28 ,  price = 50 ,  mumber of seat = 800'),
(153, 38, 'ticket checker check customer ticket', '2022-08-23 20:11:50', 'employee(tadese) check a customer ticket. the ticket number is 137058'),
(154, 38, 'ticket checker check customer ticket', '2022-08-23 20:11:52', 'employee(tadese) check a customer ticket. the ticket number is 137058'),
(155, 1, 'Admin deactivate an employee', '2022-08-23 20:31:04', 'admin(daniel) change employee id 38 status to deactive'),
(156, 1, 'Admin activate an employee', '2022-08-23 20:31:50', 'admin(daniel) change employee id 38 status to active'),
(157, 1, 'Admin reset employee password', '2022-08-23 20:32:52', 'admin(daniel) reset the password on an employee id = 38'),
(158, 38, 'Change password', '2022-08-23 20:33:44', 'employee(tadese) change his or her password'),
(159, 36, 'Change password', '2022-08-23 21:24:11', '() change his or her password'),
(160, 36, 'Customer payed successfuly', '2022-08-23 21:31:29', 'customer(bereket) payed 60 birr'),
(161, 36, 'Customer delete his Comment', '2022-08-23 21:34:50', 'customer(bereket) delete his comment on movie title = eregnayethe comment was created at 2022-08-23 and it says :  ,   comment = im bereket'),
(162, 1, 'Admin deactivate an employee', '2022-08-23 21:50:49', 'admin(daniel) change employee id 38 status to deactive'),
(163, 1, 'Admin activate an employee', '2022-08-23 21:50:58', 'admin(daniel) change employee id 38 status to active'),
(164, 38, 'Add movie to the site', '2022-08-23 21:58:01', 'employee(tadese) add a movie  ,   the movie information is ,  movie title =  monyhist ,  movie type = romantic ,  movie length = 1:23:9 ,  movie actors = sancho ,  movie description = wehhe'),
(165, 16, 'User edit profile information', '2022-08-23 22:41:01', 'solomon change his profile information to : ,   first name :solomon====> solomon  ,   last name :getaneh====> getaneh  ,   email address :adadismovieschannel@gmail.com====> adadismovieschannel@gmail.com  ,   phone number :0988776655====> 0988776655  ,   username :solomon====> solomon  ,   age :21====> 21  ,   Gender :male====> male'),
(166, 71, 'User edit profile information', '2022-08-23 22:42:21', 'Yilhali change his profile information to : ,   first name :Yilhal====> Yilhal  ,   last name :Eskziaw====> Eskziaw  ,   email address :yilhal@gmail.com====> yilhal@gmail.com  ,   phone number :0966322105====> 0966322105  ,   username :Yilhali====> Yilhali  ,   age :25====> 25  ,   Gender :male====> male'),
(167, 38, 'Employee delete schedule', '2022-08-23 23:18:33', 'employee(tadese) delete a schedule which has schedule information of : ,  schedule date : 2022-08-28 ,  schedule time : 01:02:00 ,   price = 50 ,  number of seat =  800 ,  number of available seat =  800'),
(168, 38, 'Employee delete schedule', '2022-08-23 23:25:25', 'employee(tadese) delete a schedule which has schedule information of : ,  schedule date : 2022-02-02 ,  schedule time : 01:02:00 ,   price = 24 ,  number of seat =  53 ,  number of available seat =  53'),
(169, 38, 'Add movie to the site', '2022-08-23 23:26:57', 'employee(tadese) add a movie schedule  ,   the schedule information has ,  movie title =  የፍቅር ጥግ ,  date = 2022-08-30 ,  price = 60 ,  mumber of seat = 800'),
(170, 16, 'Customer payed successfuly', '2022-08-23 23:29:43', 'customer(solomon) payed 60 birr'),
(171, 38, 'Employee delete movie', '2022-08-24 00:13:04', 'employee(tadese) delete a movie which movie information is : ,   movie title = monyhist ,  movie type =  romantic ,  movie actors = 12 ,  movie description = 12'),
(172, 37, 'User edit profile information', '2022-08-24 00:54:56', 'dibekulu change his profile information to : ,   first name :dibekulu====> dibekulu  ,   last name :melese====> melese  ,   email address :dibekulumelese@gmail.com====> dibekulumelese@gmail.com  ,   phone number :0925278849====> 0925278849  ,   username :dibekulu====> dibekulu  ,   age :32====> 32  ,   Gender :male====> male'),
(173, 1, 'Admin deactivate an employee', '2022-08-24 10:17:31', 'admin(daniel) change employee id 38 status to deactive'),
(174, 1, 'Admin activate an employee', '2022-08-24 10:17:45', 'admin(daniel) change employee id 38 status to active'),
(175, 16, 'Customer payed successfuly', '2022-08-24 10:22:30', 'customer(solomon) payed 60 birr'),
(176, 1, 'Admin deactivate an employee', '2022-08-24 10:28:12', 'admin(daniel) change employee id 38 status to deactive'),
(177, 1, 'Admin activate an employee', '2022-08-24 10:28:25', 'admin(daniel) change employee id 38 status to active'),
(178, 16, 'Customer payed successfuly', '2022-08-24 11:22:04', 'customer(solomon) payed 60 birr'),
(179, 16, 'Customer payed successfuly', '2022-08-24 11:31:28', 'customer(solomon) payed 60 birr'),
(180, 38, 'Add movie to the site', '2022-08-24 11:38:45', 'employee(tadese) add a movie schedule  ,   the schedule information has ,  movie title =  eregnaye ,  date = 2022-08-30 ,  price = 33 ,  mumber of seat = 800');

-- --------------------------------------------------------

--
-- Table structure for table `movies`
--

CREATE TABLE `movies` (
  `Movie_id` int(11) NOT NULL,
  `Movie_title` varchar(250) NOT NULL,
  `Movie_type` varchar(100) NOT NULL,
  `Movie_length` time NOT NULL,
  `Actors` text NOT NULL,
  `Movie_posture` varchar(200) NOT NULL,
  `Description` text NOT NULL,
  `Is_scheduled` tinyint(1) NOT NULL,
  `Trailer` varchar(300) NOT NULL
) ENGINE=InnoDB DEFAULT CHARSET=utf8mb4;

--
-- Dumping data for table `movies`
--

INSERT INTO `movies` (`Movie_id`, `Movie_title`, `Movie_type`, `Movie_length`, `Actors`, `Movie_posture`, `Description`, `Is_scheduled`, `Trailer`) VALUES
(1, 'Money heist', 'Action', '01:50:26', 'Professor, Tokyo, Hensinke, Denver, nirobi', 'image 6.png', 'the film was produced by netflex in europ', 1, 'trailer1.mp4'),
(2, 'sisit', 'tragedi', '01:50:26', 'yohanis tefera, makida afewerk,marta goytom,engidasew habte1', 'image 7.png', 'the film was produced by ab film production', 1, 'trailer2.mp4'),
(3, 'Agache', 'romance', '01:21:48', 'misgana atnafu , samrawit mesfin , frehiwot bogale , frew abebe , damene garede , yohans yared', 'agache.jpg', 'produced by yene neh film production\r\nproducer : biruk hailu\r\nexcutive producer : ansaro ofishal camera\r\nediting and sound : ezayen girma', 0, 'agache.mp4'),
(8, 'የፍቅር ጥግ', 'comedy', '01:50:20', 'yohanis tefera, makida afewerk,marta goytom,engidasew habte1', '1660852213307.jpg', 'jnkjn', 1, '1660852213654.mp4'),
(10, 'jlkjl', 'family', '10:20:00', 'kjhkjhm,ljlk,jijoj', '1661253117149.jpg', 'nlkjhkjhik', 0, '1661253117Justin Bieber - Love Yourself [Lyrics video] 🎵.mp4'),
(11, 'eregnaye', 'family', '01:20:00', 'sayat demise, emama cerinet,...', '1661273940946.jpg', 'pkljjlkj', 1, '1661273940Justin Bieber - Anyone.mp4');

-- --------------------------------------------------------

--
-- Table structure for table `news`
--

CREATE TABLE `news` (
  `News_id` int(11) NOT NULL,
  `Employee_id` int(11) NOT NULL,
  `Headline` varchar(200) NOT NULL,
  `Description` text NOT NULL,
  `Date` date NOT NULL,
  `Picture` varchar(200) NOT NULL
) ENGINE=InnoDB DEFAULT CHARSET=utf8mb4;

--
-- Dumping data for table `news`
--

INSERT INTO `news` (`News_id`, `Employee_id`, `Headline`, `Description`, `Date`, `Picture`) VALUES
(2, 41, 'the cinema was closed!!', 'the cinema house is closed until the next january because of urgent case.the cinema house is closed until the next january because of urgent case.the cinema house is closed until the next january because of urgent case.the cinema house is closed until the next january because of urgent case.', '2022-08-06', 'image 9.png'),
(26, 38, 'meeting', 'we announce that on the next monday there is an ethiopian parlamentary meeting so the schedule that we have on the next monday will be postponed to another schedule that will announce on the other day thank you!!! first is first love your country with all your heart happy weekend\r\n', '2022-07-29', 'cinema_background.jpg'),
(27, 38, 'celebrations of timket', 'timkat is a very colorful annual event in the city of gondar (the capital city of ethiopia from the early 17th to mid 19th century), a city known as the camelot of africa it is usually the choice of many tourists coming from within the country and from abroad to celebrate the annual festival of the epiphany', '2022-08-06', '1659067098338.jpg');

-- --------------------------------------------------------

--
-- Table structure for table `payment`
--

CREATE TABLE `payment` (
  `Payment_id` int(11) NOT NULL,
  `Type` varchar(20) NOT NULL,
  `Schedule_id` int(11) DEFAULT NULL,
  `Customer_id` int(11) NOT NULL,
  `Status` varchar(20) NOT NULL,
  `Date` date NOT NULL DEFAULT current_timestamp(),
  `Time` time NOT NULL DEFAULT current_timestamp(),
  `Price` int(11) NOT NULL,
  `Pay_with` varchar(40) NOT NULL
) ENGINE=InnoDB DEFAULT CHARSET=utf8mb4;

--
-- Dumping data for table `payment`
--

INSERT INTO `payment` (`Payment_id`, `Type`, `Schedule_id`, `Customer_id`, `Status`, `Date`, `Time`, `Price`, `Pay_with`) VALUES
(27, 'Reserve_Seat', 10, 36, 'success', '2022-08-07', '08:28:31', 60, 'Cinema balance'),
(28, 'Reserve_Seat', 10, 36, 'pending', '2022-08-07', '09:17:44', 60, 'Yene Pay'),
(29, 'Reserve_Seat', 10, 36, 'success', '2022-08-07', '09:21:17', 60, 'Cinema balance'),
(30, 'Reserve_Seat', 10, 36, 'success', '2022-08-07', '09:40:00', 60, 'Cinema balance'),
(31, 'Reserve_Seat', 10, 36, 'success', '2022-08-07', '09:47:07', 60, 'Cinema balance'),
(32, 'Reserve_Seat', 10, 36, 'success', '2022-08-07', '10:43:25', 60, 'Cinema balance'),
(33, 'Reserve_Seat', 10, 36, 'success', '2022-08-07', '10:48:49', 60, 'Cinema balance'),
(34, 'Reserve_Seat', 10, 36, 'success', '2022-08-07', '10:49:06', 60, 'Cinema balance'),
(35, 'Reserve_Seat', 10, 36, 'success', '2022-08-07', '10:52:11', 60, 'Cinema balance'),
(36, 'Reserve_Seat', 10, 36, 'success', '2022-08-07', '11:15:02', 60, 'Cinema balance'),
(38, 'Reserve_Seat', 10, 36, 'success', '2022-08-07', '11:18:53', 60, 'Cinema balance'),
(39, 'Recharge balance', NULL, 36, 'pending', '2022-08-07', '11:30:53', 56, 'Yene Pay'),
(40, 'Reserve_Seat', 10, 36, 'success', '2022-08-07', '11:55:40', 60, 'Cinema balance'),
(41, 'Recharge balance', NULL, 36, 'pending', '2022-08-08', '02:28:05', 2, 'Yene Pay'),
(42, 'Recharge balance', NULL, 36, 'success', '2022-08-08', '02:33:16', 2, 'Yene Pay'),
(43, 'Recharge balance', NULL, 36, 'pending', '2022-08-08', '03:05:46', 2, 'Yene Pay'),
(44, 'Recharge balance', NULL, 36, 'pending', '2022-08-08', '03:13:19', 2, 'Yene Pay'),
(45, 'Recharge balance', NULL, 36, 'success', '2022-08-08', '03:25:50', 1, 'Yene Pay'),
(46, 'Reserve_Seat', 10, 36, 'pending', '2022-08-08', '04:11:48', 60, 'Cinema balance'),
(47, 'Reserve_Seat', 10, 36, 'success', '2022-08-08', '04:12:36', 60, 'Cinema balance'),
(48, 'Reserve_Seat', 10, 36, 'success', '2022-08-08', '12:46:53', 60, 'Cinema balance'),
(49, 'Reserve_Seat', 10, 36, 'success', '2022-08-08', '12:52:32', 60, 'Cinema balance'),
(50, 'Reserve_Seat', 10, 45, 'pending', '2022-08-09', '11:48:40', 60, 'Yene Pay'),
(51, 'Reserve_Seat', 10, 45, 'failed', '2022-08-09', '12:01:49', 60, 'Yene Pay'),
(52, 'Reserve_Seat', 10, 45, 'failed', '2022-08-09', '12:02:38', 60, 'Yene Pay'),
(53, 'Recharge balance', NULL, 36, 'pending', '2022-08-12', '07:11:35', 1, 'Yene Pay'),
(54, 'Reserve_Seat', 10, 36, 'success', '2022-08-12', '07:23:44', 60, 'Cinema balance'),
(55, 'Reserve_Seat', 10, 17, 'pending', '2022-08-13', '08:03:47', 60, 'Yene Pay'),
(56, 'Recharge balance', NULL, 36, 'pending', '2022-08-13', '09:14:22', 1, 'Yene Pay'),
(57, 'Recharge balance', NULL, 36, 'success', '2022-08-13', '09:24:59', 1, 'Yene Pay'),
(58, 'Recharge balance', NULL, 36, 'pending', '2022-08-13', '09:28:27', 1, 'Yene Pay'),
(59, 'Reserve_Seat', 10, 36, 'success', '2022-08-13', '09:35:45', 60, 'Cinema balance'),
(60, 'Reserve_Seat', 14, 36, 'success', '2022-08-13', '09:40:00', 300, 'Cinema balance'),
(61, 'Reserve_Seat', 14, 36, 'success', '2022-08-13', '09:40:21', 300, 'Cinema balance'),
(62, 'Recharge balance', NULL, 16, 'failed', '2022-08-14', '11:30:25', 1, 'Yene Pay'),
(63, 'Recharge balance', NULL, 16, 'failed', '2022-08-14', '11:31:22', 1, 'Yene Pay'),
(64, 'Recharge balance', NULL, 16, 'pending', '2022-08-14', '11:32:24', 1, 'Yene Pay'),
(65, 'Reserve_Seat', 14, 16, 'pending', '2022-08-14', '11:39:59', 1, 'Yene Pay'),
(66, 'Reserve_Seat', 10, 36, 'pending', '2022-08-17', '10:18:21', 60, 'Yene Pay'),
(67, 'Reserve_Seat', 10, 36, 'success', '2022-08-17', '10:18:49', 60, 'Cinema balance'),
(68, 'Reserve_Seat', 14, 36, 'success', '2022-08-18', '05:45:22', 1, 'Cinema balance'),
(69, 'Reserve_Seat', 14, 48, 'pending', '2022-08-20', '01:42:13', 1, 'Yene Pay'),
(70, 'Reserve_Seat', 14, 48, 'pending', '2022-08-20', '01:46:13', 1, 'Yene Pay'),
(71, 'Reserve_Seat', 14, 48, 'failed', '2022-08-20', '02:00:18', 1, 'Yene Pay'),
(72, 'Reserve_Seat', 14, 36, 'pending', '2022-08-20', '08:42:22', 1, 'Yene Pay'),
(73, 'Reserve_Seat', 14, 48, 'success', '2022-08-20', '11:42:21', 1, 'Yene Pay'),
(74, 'Reserve_Seat', 14, 36, 'pending', '2022-08-21', '01:04:56', 1, 'Yene Pay'),
(75, 'Reserve_Seat', 14, 48, 'pending', '2022-08-21', '04:42:16', 1, 'Yene Pay'),
(76, 'Reserve_Seat', 14, 48, 'pending', '2022-08-21', '04:48:16', 1, 'Yene Pay'),
(77, 'Reserve_Seat', 14, 48, 'pending', '2022-08-21', '04:49:08', 1, 'Yene Pay'),
(78, 'Reserve_Seat', 14, 48, 'pending', '2022-08-21', '04:51:48', 1, 'Yene Pay'),
(79, 'Reserve_Seat', 14, 36, 'pending', '2022-08-21', '06:18:32', 1, 'Yene Pay'),
(80, 'Reserve_Seat', 14, 36, 'success', '2022-08-21', '06:20:00', 1, 'Cinema balance'),
(81, 'Reserve_Seat', 14, 36, 'pending', '2022-08-21', '06:25:55', 1, 'Yene Pay'),
(82, 'Recharge balance', NULL, 64, 'pending', '2022-08-21', '10:18:30', 120000, 'Yene Pay'),
(83, 'Reserve_Seat', 10, 36, 'pending', '2022-08-21', '11:51:52', 60, 'Yene Pay'),
(84, 'Recharge balance', NULL, 66, 'pending', '2022-08-22', '08:29:09', 200, 'Yene Pay'),
(85, 'Recharge balance', NULL, 66, 'pending', '2022-08-22', '08:29:19', 200, 'Yene Pay'),
(86, 'Recharge balance', NULL, 69, 'pending', '2022-08-22', '08:42:32', 10, 'Yene Pay'),
(87, 'Recharge balance', NULL, 36, 'pending', '2022-08-23', '01:04:41', 6, 'Yene Pay'),
(88, 'Reserve_Seat', 10, 36, 'success', '2022-08-23', '01:06:27', 60, 'Cinema balance'),
(89, 'Reserve_Seat', 10, 66, 'pending', '2022-08-23', '02:21:59', 60, 'Yene Pay'),
(90, 'Reserve_Seat', 10, 16, 'success', '2022-08-23', '06:48:30', 60, 'Cinema balance'),
(91, 'Recharge balance', NULL, 16, 'pending', '2022-08-23', '06:53:08', 2, 'Yene Pay'),
(92, 'Reserve_Seat', 10, 36, 'success', '2022-08-23', '08:31:29', 60, 'Cinema balance'),
(93, 'Reserve_Seat', 10, 36, 'pending', '2022-08-23', '08:31:52', 60, 'Yene Pay'),
(94, 'Reserve_Seat', 24, 16, 'success', '2022-08-23', '10:29:43', 60, 'Cinema balance'),
(95, 'Recharge balance', NULL, 16, 'pending', '2022-08-24', '09:20:15', 66, 'Yene Pay'),
(96, 'Reserve_Seat', 24, 16, 'success', '2022-08-24', '09:22:30', 60, 'Cinema balance'),
(97, 'Reserve_Seat', 24, 16, 'pending', '2022-08-24', '09:50:36', 60, 'Yene Pay'),
(98, 'Reserve_Seat', 24, 16, 'pending', '2022-08-24', '09:52:29', 60, 'Yene Pay'),
(99, 'Recharge balance', NULL, 16, 'pending', '2022-08-24', '09:55:34', 1, 'Yene Pay'),
(100, 'Reserve_Seat', 10, 16, 'success', '2022-08-24', '10:22:04', 60, 'Cinema balance'),
(101, 'Recharge balance', NULL, 16, 'pending', '2022-08-24', '10:22:47', 1, 'Yene Pay'),
(102, 'Recharge balance', NULL, 16, 'pending', '2022-08-24', '10:23:56', 1, 'Yene Pay'),
(103, 'Reserve_Seat', 24, 16, 'success', '2022-08-24', '10:31:28', 60, 'Cinema balance');

-- --------------------------------------------------------

--
-- Table structure for table `replay`
--

CREATE TABLE `replay` (
  `Replay_id` int(11) NOT NULL,
  `Comment_id` int(11) NOT NULL,
  `Replay` varchar(1000) NOT NULL,
  `No_like` int(11) NOT NULL,
  `Customer_id` int(11) NOT NULL,
  `Date` date NOT NULL DEFAULT current_timestamp()
) ENGINE=InnoDB DEFAULT CHARSET=utf8mb4;

--
-- Dumping data for table `replay`
--

INSERT INTO `replay` (`Replay_id`, `Comment_id`, `Replay`, `No_like`, `Customer_id`, `Date`) VALUES
(1, 3, 'replay test', 0, 36, '2022-08-19'),
(2, 3, 'adis replay 3', 0, 36, '2022-08-19'),
(3, 20, 'this is acoordion replay test', 0, 36, '2022-08-21'),
(4, 19, 'profile check', 0, 36, '2022-08-21'),
(5, 24, 'yemin test new yemitaweraw', 0, 36, '2022-08-21'),
(6, 47, 'Please answer me', 0, 63, '2022-08-21'),
(7, 50, 'so what', 0, 16, '2022-08-22'),
(8, 50, 'so what', 0, 16, '2022-08-22'),
(10, 48, 'please replay me', 0, 16, '2022-08-22'),
(11, 24, 'ለዚህ ፊልም ደራሲያንና ተዋንያን ሁሉ እግዚአብሔር    ዕውቀትና ጥበቡን ያብዛላችሁ!!!!! እረኛዬ!!!!  በውነቱ የአብዛኛው ኢትዮጵያውያንን ስሜትና ሞራል ፍንትው አድርጋችሁ አሳያችሁን!! አመሰግናለሁ ።', 0, 48, '2022-08-22'),
(12, 3, 'ለዚህ ፊልም ደራሲያንና ተዋንያን ሁሉ እግዚአብሔር    ዕውቀትና ጥበቡን ያብዛላችሁ!!!!! እረኛዬ!!!!  በውነቱ የአብዛኛው ኢትዮጵያውያንን ስሜትና ሞራል ፍንትው አድርጋችሁ አሳያችሁን!! አመሰግናለሁ ።', 0, 48, '2022-08-22'),
(13, 3, 'joisoj;oij;s', 0, 36, '2022-08-23'),
(14, 47, 'when did wesee', 0, 66, '2022-08-23'),
(15, 24, 'kjljojs', 0, 36, '2022-08-23'),
(16, 47, 'again', 0, 16, '2022-08-23');

-- --------------------------------------------------------

--
-- Table structure for table `schedule`
--

CREATE TABLE `schedule` (
  `Schedule_id` int(11) NOT NULL,
  `Movie_id` int(11) NOT NULL,
  `Date` date NOT NULL,
  `Time` time NOT NULL,
  `Price` int(11) NOT NULL,
  `No_of_seat` int(11) NOT NULL,
  `Available_seat` int(11) NOT NULL
) ENGINE=InnoDB DEFAULT CHARSET=utf8mb4;

--
-- Dumping data for table `schedule`
--

INSERT INTO `schedule` (`Schedule_id`, `Movie_id`, `Date`, `Time`, `Price`, `No_of_seat`, `Available_seat`) VALUES
(10, 2, '2022-08-25', '03:05:00', 60, 700, 653),
(14, 1, '2022-02-06', '01:01:00', 1, 400, 397),
(24, 8, '2022-08-30', '02:08:00', 60, 800, 794),
(25, 11, '2022-08-30', '02:00:00', 33, 800, 800);

-- --------------------------------------------------------

--
-- Table structure for table `seat`
--

CREATE TABLE `seat` (
  `Seat_id` int(11) NOT NULL,
  `Schedule_id` int(11) NOT NULL,
  `Seat_no` int(11) NOT NULL,
  `Status` varchar(30) NOT NULL DEFAULT 'unreserved'
) ENGINE=InnoDB DEFAULT CHARSET=utf8mb4;

--
-- Dumping data for table `seat`
--

INSERT INTO `seat` (`Seat_id`, `Schedule_id`, `Seat_no`, `Status`) VALUES
(3, 10, 1, 'reserved'),
(4, 10, 2, 'unreserved'),
(5, 10, 3, 'reserved'),
(6, 10, 4, 'unreserved'),
(7, 10, 5, 'reserved'),
(8, 10, 6, 'unreserved'),
(9, 10, 7, 'unreserved'),
(10, 10, 8, 'reserved'),
(11, 10, 9, 'reserved'),
(12, 10, 10, 'unreserved'),
(13, 10, 11, 'unreserved'),
(14, 10, 12, 'unreserved'),
(15, 10, 13, 'reserved'),
(16, 10, 14, 'reserved'),
(17, 10, 15, 'unreserved'),
(18, 10, 16, 'unreserved'),
(19, 10, 17, 'reserved'),
(20, 10, 18, 'reserved'),
(21, 10, 19, 'reserved'),
(22, 10, 20, 'reserved'),
(23, 10, 21, 'reserved'),
(24, 10, 22, 'unreserved'),
(25, 10, 23, 'unreserved'),
(26, 10, 24, 'reserved'),
(27, 10, 25, 'unreserved'),
(28, 10, 26, 'unreserved'),
(29, 10, 27, 'reserved'),
(30, 10, 28, 'unreserved'),
(31, 10, 29, 'unreserved'),
(32, 10, 30, 'unreserved'),
(33, 10, 31, 'unreserved'),
(34, 10, 32, 'reserved'),
(35, 10, 33, 'unreserved'),
(36, 10, 34, 'unreserved'),
(37, 10, 35, 'reserved'),
(38, 10, 36, 'unreserved'),
(39, 10, 37, 'unreserved'),
(40, 10, 38, 'unreserved'),
(41, 10, 39, 'reserved'),
(42, 10, 40, 'reserved'),
(43, 10, 41, 'reserved'),
(44, 10, 42, 'unreserved'),
(45, 10, 43, 'reserved'),
(46, 10, 44, 'unreserved'),
(47, 10, 45, 'unreserved'),
(48, 10, 46, 'unreserved'),
(49, 10, 47, 'unreserved'),
(50, 10, 48, 'unreserved'),
(51, 10, 49, 'unreserved'),
(52, 10, 50, 'unreserved'),
(53, 10, 51, 'unreserved'),
(54, 10, 52, 'unreserved'),
(55, 10, 53, 'unreserved'),
(56, 10, 54, 'unreserved'),
(57, 10, 55, 'unreserved'),
(58, 10, 56, 'unreserved'),
(59, 10, 57, 'unreserved'),
(60, 10, 58, 'unreserved'),
(61, 10, 59, 'unreserved'),
(62, 10, 60, 'unreserved'),
(63, 10, 61, 'unreserved'),
(64, 10, 62, 'unreserved'),
(65, 10, 63, 'unreserved'),
(66, 10, 64, 'reserved'),
(67, 10, 65, 'unreserved'),
(68, 10, 66, 'unreserved'),
(69, 10, 67, 'reserved'),
(70, 10, 68, 'unreserved'),
(71, 10, 69, 'unreserved'),
(72, 10, 70, 'unreserved'),
(73, 10, 71, 'unreserved'),
(74, 10, 72, 'unreserved'),
(75, 10, 73, 'unreserved'),
(76, 10, 74, 'unreserved'),
(77, 10, 75, 'unreserved'),
(78, 10, 76, 'unreserved'),
(79, 10, 77, 'unreserved'),
(80, 10, 78, 'unreserved'),
(81, 10, 79, 'unreserved'),
(82, 10, 80, 'unreserved'),
(83, 10, 81, 'reserved'),
(84, 10, 82, 'unreserved'),
(85, 10, 83, 'reserved'),
(86, 10, 84, 'unreserved'),
(87, 10, 85, 'unreserved'),
(88, 10, 86, 'unreserved'),
(89, 10, 87, 'unreserved'),
(90, 10, 88, 'unreserved'),
(91, 10, 89, 'unreserved'),
(92, 10, 90, 'reserved'),
(93, 10, 91, 'unreserved'),
(94, 10, 92, 'unreserved'),
(95, 10, 93, 'unreserved'),
(96, 10, 94, 'unreserved'),
(97, 10, 95, 'unreserved'),
(98, 10, 96, 'unreserved'),
(99, 10, 97, 'unreserved'),
(100, 10, 98, 'unreserved'),
(101, 10, 99, 'unreserved'),
(102, 10, 100, 'unreserved'),
(103, 10, 101, 'unreserved'),
(104, 10, 102, 'unreserved'),
(105, 10, 103, 'unreserved'),
(106, 10, 104, 'unreserved'),
(107, 10, 105, 'unreserved'),
(108, 10, 106, 'unreserved'),
(109, 10, 107, 'reserved'),
(110, 10, 108, 'unreserved'),
(111, 10, 109, 'unreserved'),
(112, 10, 110, 'reserved'),
(113, 10, 111, 'unreserved'),
(114, 10, 112, 'unreserved'),
(115, 10, 113, 'unreserved'),
(116, 10, 114, 'unreserved'),
(117, 10, 115, 'unreserved'),
(118, 10, 116, 'unreserved'),
(119, 10, 117, 'unreserved'),
(120, 10, 118, 'unreserved'),
(121, 10, 119, 'unreserved'),
(122, 10, 120, 'unreserved'),
(123, 10, 121, 'unreserved'),
(124, 10, 122, 'reserved'),
(125, 10, 123, 'unreserved'),
(126, 10, 124, 'unreserved'),
(127, 10, 125, 'unreserved'),
(128, 10, 126, 'unreserved'),
(129, 10, 127, 'unreserved'),
(130, 10, 128, 'unreserved'),
(131, 10, 129, 'unreserved'),
(132, 10, 130, 'unreserved'),
(133, 10, 131, 'unreserved'),
(134, 10, 132, 'unreserved'),
(135, 10, 133, 'unreserved'),
(136, 10, 134, 'unreserved'),
(137, 10, 135, 'unreserved'),
(138, 10, 136, 'unreserved'),
(139, 10, 137, 'reserved'),
(140, 10, 138, 'reserved'),
(141, 10, 139, 'unreserved'),
(142, 10, 140, 'unreserved'),
(143, 10, 141, 'unreserved'),
(144, 10, 142, 'unreserved'),
(145, 10, 143, 'reserved'),
(146, 10, 144, 'unreserved'),
(147, 10, 145, 'unreserved'),
(148, 10, 146, 'unreserved'),
(149, 10, 147, 'unreserved'),
(150, 10, 148, 'unreserved'),
(151, 10, 149, 'unreserved'),
(152, 10, 150, 'unreserved'),
(153, 10, 151, 'unreserved'),
(154, 10, 152, 'unreserved'),
(155, 10, 153, 'unreserved'),
(156, 10, 154, 'unreserved'),
(157, 10, 155, 'unreserved'),
(158, 10, 156, 'unreserved'),
(159, 10, 157, 'unreserved'),
(160, 10, 158, 'unreserved'),
(161, 10, 159, 'unreserved'),
(162, 10, 160, 'unreserved'),
(163, 10, 161, 'unreserved'),
(164, 10, 162, 'unreserved'),
(165, 10, 163, 'unreserved'),
(166, 10, 164, 'unreserved'),
(167, 10, 165, 'unreserved'),
(168, 10, 166, 'unreserved'),
(169, 10, 167, 'reserved'),
(170, 10, 168, 'unreserved'),
(171, 10, 169, 'unreserved'),
(172, 10, 170, 'unreserved'),
(173, 10, 171, 'unreserved'),
(174, 10, 172, 'unreserved'),
(175, 10, 173, 'unreserved'),
(176, 10, 174, 'unreserved'),
(177, 10, 175, 'unreserved'),
(178, 10, 176, 'unreserved'),
(179, 10, 177, 'unreserved'),
(180, 10, 178, 'unreserved'),
(181, 10, 179, 'unreserved'),
(182, 10, 180, 'unreserved'),
(183, 10, 181, 'unreserved'),
(184, 10, 182, 'unreserved'),
(185, 10, 183, 'unreserved'),
(186, 10, 184, 'unreserved'),
(187, 10, 185, 'unreserved'),
(188, 10, 186, 'unreserved'),
(189, 10, 187, 'unreserved'),
(190, 10, 188, 'unreserved'),
(191, 10, 189, 'unreserved'),
(192, 10, 190, 'unreserved'),
(193, 10, 191, 'unreserved'),
(194, 10, 192, 'unreserved'),
(195, 10, 193, 'unreserved'),
(196, 10, 194, 'unreserved'),
(197, 10, 195, 'unreserved'),
(198, 10, 196, 'unreserved'),
(199, 10, 197, 'unreserved'),
(200, 10, 198, 'unreserved'),
(201, 10, 199, 'unreserved'),
(202, 10, 200, 'unreserved'),
(203, 10, 201, 'unreserved'),
(204, 10, 202, 'unreserved'),
(205, 10, 203, 'unreserved'),
(206, 10, 204, 'unreserved'),
(207, 10, 205, 'unreserved'),
(208, 10, 206, 'unreserved'),
(209, 10, 207, 'unreserved'),
(210, 10, 208, 'unreserved'),
(211, 10, 209, 'unreserved'),
(212, 10, 210, 'unreserved'),
(213, 10, 211, 'unreserved'),
(214, 10, 212, 'unreserved'),
(215, 10, 213, 'unreserved'),
(216, 10, 214, 'unreserved'),
(217, 10, 215, 'unreserved'),
(218, 10, 216, 'unreserved'),
(219, 10, 217, 'unreserved'),
(220, 10, 218, 'unreserved'),
(221, 10, 219, 'unreserved'),
(222, 10, 220, 'unreserved'),
(223, 10, 221, 'unreserved'),
(224, 10, 222, 'unreserved'),
(225, 10, 223, 'unreserved'),
(226, 10, 224, 'unreserved'),
(227, 10, 225, 'unreserved'),
(228, 10, 226, 'unreserved'),
(229, 10, 227, 'unreserved'),
(230, 10, 228, 'unreserved'),
(231, 10, 229, 'unreserved'),
(232, 10, 230, 'unreserved'),
(233, 10, 231, 'reserved'),
(234, 10, 232, 'unreserved'),
(235, 10, 233, 'unreserved'),
(236, 10, 234, 'unreserved'),
(237, 10, 235, 'unreserved'),
(238, 10, 236, 'unreserved'),
(239, 10, 237, 'unreserved'),
(240, 10, 238, 'unreserved'),
(241, 10, 239, 'unreserved'),
(242, 10, 240, 'unreserved'),
(243, 10, 241, 'unreserved'),
(244, 10, 242, 'unreserved'),
(245, 10, 243, 'unreserved'),
(246, 10, 244, 'unreserved'),
(247, 10, 245, 'unreserved'),
(248, 10, 246, 'unreserved'),
(249, 10, 247, 'unreserved'),
(250, 10, 248, 'unreserved'),
(251, 10, 249, 'unreserved'),
(252, 10, 250, 'unreserved'),
(253, 10, 251, 'unreserved'),
(254, 10, 252, 'unreserved'),
(255, 10, 253, 'unreserved'),
(256, 10, 254, 'unreserved'),
(257, 10, 255, 'unreserved'),
(258, 10, 256, 'unreserved'),
(259, 10, 257, 'unreserved'),
(260, 10, 258, 'unreserved'),
(261, 10, 259, 'unreserved'),
(262, 10, 260, 'unreserved'),
(263, 10, 261, 'unreserved'),
(264, 10, 262, 'unreserved'),
(265, 10, 263, 'unreserved'),
(266, 10, 264, 'unreserved'),
(267, 10, 265, 'unreserved'),
(268, 10, 266, 'unreserved'),
(269, 10, 267, 'unreserved'),
(270, 10, 268, 'unreserved'),
(271, 10, 269, 'unreserved'),
(272, 10, 270, 'unreserved'),
(273, 10, 271, 'unreserved'),
(274, 10, 272, 'unreserved'),
(275, 10, 273, 'unreserved'),
(276, 10, 274, 'unreserved'),
(277, 10, 275, 'unreserved'),
(278, 10, 276, 'unreserved'),
(279, 10, 277, 'unreserved'),
(280, 10, 278, 'unreserved'),
(281, 10, 279, 'unreserved'),
(282, 10, 280, 'unreserved'),
(283, 10, 281, 'unreserved'),
(284, 10, 282, 'unreserved'),
(285, 10, 283, 'unreserved'),
(286, 10, 284, 'unreserved'),
(287, 10, 285, 'unreserved'),
(288, 10, 286, 'unreserved'),
(289, 10, 287, 'unreserved'),
(290, 10, 288, 'unreserved'),
(291, 10, 289, 'unreserved'),
(292, 10, 290, 'unreserved'),
(293, 10, 291, 'unreserved'),
(294, 10, 292, 'unreserved'),
(295, 10, 293, 'unreserved'),
(296, 10, 294, 'unreserved'),
(297, 10, 295, 'unreserved'),
(298, 10, 296, 'unreserved'),
(299, 10, 297, 'reserved'),
(300, 10, 298, 'unreserved'),
(301, 10, 299, 'unreserved'),
(302, 10, 300, 'unreserved'),
(303, 10, 301, 'unreserved'),
(304, 10, 302, 'unreserved'),
(305, 10, 303, 'unreserved'),
(306, 10, 304, 'unreserved'),
(307, 10, 305, 'reserved'),
(308, 10, 306, 'unreserved'),
(309, 10, 307, 'unreserved'),
(310, 10, 308, 'unreserved'),
(311, 10, 309, 'unreserved'),
(312, 10, 310, 'unreserved'),
(313, 10, 311, 'unreserved'),
(314, 10, 312, 'unreserved'),
(315, 10, 313, 'unreserved'),
(316, 10, 314, 'unreserved'),
(317, 10, 315, 'unreserved'),
(318, 10, 316, 'unreserved'),
(319, 10, 317, 'unreserved'),
(320, 10, 318, 'unreserved'),
(321, 10, 319, 'unreserved'),
(322, 10, 320, 'unreserved'),
(323, 10, 321, 'unreserved'),
(324, 10, 322, 'unreserved'),
(325, 10, 323, 'unreserved'),
(326, 10, 324, 'unreserved'),
(327, 10, 325, 'unreserved'),
(328, 10, 326, 'unreserved'),
(329, 10, 327, 'unreserved'),
(330, 10, 328, 'unreserved'),
(331, 10, 329, 'reserved'),
(332, 10, 330, 'unreserved'),
(333, 10, 331, 'unreserved'),
(334, 10, 332, 'unreserved'),
(335, 10, 333, 'unreserved'),
(336, 10, 334, 'unreserved'),
(337, 10, 335, 'unreserved'),
(338, 10, 336, 'unreserved'),
(339, 10, 337, 'unreserved'),
(340, 10, 338, 'unreserved'),
(341, 10, 339, 'unreserved'),
(342, 10, 340, 'unreserved'),
(343, 10, 341, 'unreserved'),
(344, 10, 342, 'unreserved'),
(345, 10, 343, 'unreserved'),
(346, 10, 344, 'unreserved'),
(347, 10, 345, 'unreserved'),
(348, 10, 346, 'unreserved'),
(349, 10, 347, 'unreserved'),
(350, 10, 348, 'unreserved'),
(351, 10, 349, 'unreserved'),
(352, 10, 350, 'unreserved'),
(353, 10, 351, 'unreserved'),
(354, 10, 352, 'unreserved'),
(355, 10, 353, 'unreserved'),
(356, 10, 354, 'unreserved'),
(357, 10, 355, 'unreserved'),
(358, 10, 356, 'unreserved'),
(359, 10, 357, 'unreserved'),
(360, 10, 358, 'unreserved'),
(361, 10, 359, 'unreserved'),
(362, 10, 360, 'unreserved'),
(363, 10, 361, 'unreserved'),
(364, 10, 362, 'unreserved'),
(365, 10, 363, 'unreserved'),
(366, 10, 364, 'unreserved'),
(367, 10, 365, 'unreserved'),
(368, 10, 366, 'unreserved'),
(369, 10, 367, 'unreserved'),
(370, 10, 368, 'unreserved'),
(371, 10, 369, 'reserved'),
(372, 10, 370, 'unreserved'),
(373, 10, 371, 'unreserved'),
(374, 10, 372, 'unreserved'),
(375, 10, 373, 'unreserved'),
(376, 10, 374, 'unreserved'),
(377, 10, 375, 'unreserved'),
(378, 10, 376, 'unreserved'),
(379, 10, 377, 'unreserved'),
(380, 10, 378, 'unreserved'),
(381, 10, 379, 'unreserved'),
(382, 10, 380, 'unreserved'),
(383, 10, 381, 'unreserved'),
(384, 10, 382, 'unreserved'),
(385, 10, 383, 'unreserved'),
(386, 10, 384, 'unreserved'),
(387, 10, 385, 'unreserved'),
(388, 10, 386, 'unreserved'),
(389, 10, 387, 'unreserved'),
(390, 10, 388, 'unreserved'),
(391, 10, 389, 'unreserved'),
(392, 10, 390, 'unreserved'),
(393, 10, 391, 'unreserved'),
(394, 10, 392, 'unreserved'),
(395, 10, 393, 'unreserved'),
(396, 10, 394, 'unreserved'),
(397, 10, 395, 'unreserved'),
(398, 10, 396, 'unreserved'),
(399, 10, 397, 'unreserved'),
(400, 10, 398, 'unreserved'),
(401, 10, 399, 'unreserved'),
(402, 10, 400, 'unreserved'),
(403, 10, 401, 'unreserved'),
(404, 10, 402, 'unreserved'),
(405, 10, 403, 'unreserved'),
(406, 10, 404, 'unreserved'),
(407, 10, 405, 'unreserved'),
(408, 10, 406, 'unreserved'),
(409, 10, 407, 'unreserved'),
(410, 10, 408, 'unreserved'),
(411, 10, 409, 'reserved'),
(412, 10, 410, 'unreserved'),
(413, 10, 411, 'unreserved'),
(414, 10, 412, 'unreserved'),
(415, 10, 413, 'unreserved'),
(416, 10, 414, 'unreserved'),
(417, 10, 415, 'unreserved'),
(418, 10, 416, 'unreserved'),
(419, 10, 417, 'unreserved'),
(420, 10, 418, 'unreserved'),
(421, 10, 419, 'unreserved'),
(422, 10, 420, 'unreserved'),
(423, 10, 421, 'unreserved'),
(424, 10, 422, 'unreserved'),
(425, 10, 423, 'unreserved'),
(426, 10, 424, 'unreserved'),
(427, 10, 425, 'unreserved'),
(428, 10, 426, 'unreserved'),
(429, 10, 427, 'unreserved'),
(430, 10, 428, 'unreserved'),
(431, 10, 429, 'unreserved'),
(432, 10, 430, 'unreserved'),
(433, 10, 431, 'unreserved'),
(434, 10, 432, 'unreserved'),
(435, 10, 433, 'unreserved'),
(436, 10, 434, 'unreserved'),
(437, 10, 435, 'unreserved'),
(438, 10, 436, 'unreserved'),
(439, 10, 437, 'unreserved'),
(440, 10, 438, 'unreserved'),
(441, 10, 439, 'unreserved'),
(442, 10, 440, 'unreserved'),
(443, 10, 441, 'unreserved'),
(444, 10, 442, 'unreserved'),
(445, 10, 443, 'unreserved'),
(446, 10, 444, 'unreserved'),
(447, 10, 445, 'unreserved'),
(448, 10, 446, 'unreserved'),
(449, 10, 447, 'unreserved'),
(450, 10, 448, 'unreserved'),
(451, 10, 449, 'unreserved'),
(452, 10, 450, 'unreserved'),
(453, 10, 451, 'unreserved'),
(454, 10, 452, 'unreserved'),
(455, 10, 453, 'unreserved'),
(456, 10, 454, 'unreserved'),
(457, 10, 455, 'unreserved'),
(458, 10, 456, 'unreserved'),
(459, 10, 457, 'unreserved'),
(460, 10, 458, 'unreserved'),
(461, 10, 459, 'unreserved'),
(462, 10, 460, 'unreserved'),
(463, 10, 461, 'unreserved'),
(464, 10, 462, 'unreserved'),
(465, 10, 463, 'unreserved'),
(466, 10, 464, 'unreserved'),
(467, 10, 465, 'unreserved'),
(468, 10, 466, 'unreserved'),
(469, 10, 467, 'unreserved'),
(470, 10, 468, 'unreserved'),
(471, 10, 469, 'unreserved'),
(472, 10, 470, 'unreserved'),
(473, 10, 471, 'unreserved'),
(474, 10, 472, 'unreserved'),
(475, 10, 473, 'unreserved'),
(476, 10, 474, 'unreserved'),
(477, 10, 475, 'unreserved'),
(478, 10, 476, 'unreserved'),
(479, 10, 477, 'unreserved'),
(480, 10, 478, 'unreserved'),
(481, 10, 479, 'unreserved'),
(482, 10, 480, 'unreserved'),
(483, 10, 481, 'unreserved'),
(484, 10, 482, 'unreserved'),
(485, 10, 483, 'unreserved'),
(486, 10, 484, 'unreserved'),
(487, 10, 485, 'unreserved'),
(488, 10, 486, 'unreserved'),
(489, 10, 487, 'unreserved'),
(490, 10, 488, 'unreserved'),
(491, 10, 489, 'unreserved'),
(492, 10, 490, 'unreserved'),
(493, 10, 491, 'unreserved'),
(494, 10, 492, 'unreserved'),
(495, 10, 493, 'unreserved'),
(496, 10, 494, 'unreserved'),
(497, 10, 495, 'unreserved'),
(498, 10, 496, 'unreserved'),
(499, 10, 497, 'unreserved'),
(500, 10, 498, 'unreserved'),
(501, 10, 499, 'unreserved'),
(502, 10, 500, 'unreserved'),
(503, 10, 501, 'unreserved'),
(504, 10, 502, 'unreserved'),
(505, 10, 503, 'unreserved'),
(506, 10, 504, 'unreserved'),
(507, 10, 505, 'unreserved'),
(508, 10, 506, 'unreserved'),
(509, 10, 507, 'unreserved'),
(510, 10, 508, 'unreserved'),
(511, 10, 509, 'unreserved'),
(512, 10, 510, 'unreserved'),
(513, 10, 511, 'unreserved'),
(514, 10, 512, 'unreserved'),
(515, 10, 513, 'unreserved'),
(516, 10, 514, 'unreserved'),
(517, 10, 515, 'unreserved'),
(518, 10, 516, 'unreserved'),
(519, 10, 517, 'unreserved'),
(520, 10, 518, 'unreserved'),
(521, 10, 519, 'unreserved'),
(522, 10, 520, 'unreserved'),
(523, 10, 521, 'unreserved'),
(524, 10, 522, 'unreserved'),
(525, 10, 523, 'unreserved'),
(526, 10, 524, 'unreserved'),
(527, 10, 525, 'unreserved'),
(528, 10, 526, 'unreserved'),
(529, 10, 527, 'unreserved'),
(530, 10, 528, 'unreserved'),
(531, 10, 529, 'unreserved'),
(532, 10, 530, 'unreserved'),
(533, 10, 531, 'unreserved'),
(534, 10, 532, 'unreserved'),
(535, 10, 533, 'unreserved'),
(536, 10, 534, 'unreserved'),
(537, 10, 535, 'unreserved'),
(538, 10, 536, 'unreserved'),
(539, 10, 537, 'unreserved'),
(540, 10, 538, 'unreserved'),
(541, 10, 539, 'unreserved'),
(542, 10, 540, 'unreserved'),
(543, 10, 541, 'unreserved'),
(544, 10, 542, 'unreserved'),
(545, 10, 543, 'unreserved'),
(546, 10, 544, 'unreserved'),
(547, 10, 545, 'unreserved'),
(548, 10, 546, 'unreserved'),
(549, 10, 547, 'unreserved'),
(550, 10, 548, 'unreserved'),
(551, 10, 549, 'unreserved'),
(552, 10, 550, 'unreserved'),
(553, 10, 551, 'unreserved'),
(554, 10, 552, 'unreserved'),
(555, 10, 553, 'unreserved'),
(556, 10, 554, 'unreserved'),
(557, 10, 555, 'unreserved'),
(558, 10, 556, 'unreserved'),
(559, 10, 557, 'unreserved'),
(560, 10, 558, 'unreserved'),
(561, 10, 559, 'unreserved'),
(562, 10, 560, 'unreserved'),
(563, 10, 561, 'unreserved'),
(564, 10, 562, 'unreserved'),
(565, 10, 563, 'unreserved'),
(566, 10, 564, 'unreserved'),
(567, 10, 565, 'unreserved'),
(568, 10, 566, 'unreserved'),
(569, 10, 567, 'unreserved'),
(570, 10, 568, 'unreserved'),
(571, 10, 569, 'unreserved'),
(572, 10, 570, 'unreserved'),
(573, 10, 571, 'unreserved'),
(574, 10, 572, 'unreserved'),
(575, 10, 573, 'unreserved'),
(576, 10, 574, 'reserved'),
(577, 10, 575, 'unreserved'),
(578, 10, 576, 'unreserved'),
(579, 10, 577, 'unreserved'),
(580, 10, 578, 'unreserved'),
(581, 10, 579, 'unreserved'),
(582, 10, 580, 'unreserved'),
(583, 10, 581, 'unreserved'),
(584, 10, 582, 'unreserved'),
(585, 10, 583, 'unreserved'),
(586, 10, 584, 'unreserved'),
(587, 10, 585, 'unreserved'),
(588, 10, 586, 'unreserved'),
(589, 10, 587, 'reserved'),
(590, 10, 588, 'unreserved'),
(591, 10, 589, 'unreserved'),
(592, 10, 590, 'unreserved'),
(593, 10, 591, 'unreserved'),
(594, 10, 592, 'unreserved'),
(595, 10, 593, 'unreserved'),
(596, 10, 594, 'unreserved'),
(597, 10, 595, 'unreserved'),
(598, 10, 596, 'unreserved'),
(599, 10, 597, 'unreserved'),
(600, 10, 598, 'unreserved'),
(601, 10, 599, 'unreserved'),
(602, 10, 600, 'unreserved'),
(603, 10, 601, 'unreserved'),
(604, 10, 602, 'unreserved'),
(605, 10, 603, 'unreserved'),
(606, 10, 604, 'unreserved'),
(607, 10, 605, 'unreserved'),
(608, 10, 606, 'unreserved'),
(609, 10, 607, 'unreserved'),
(610, 10, 608, 'unreserved'),
(611, 10, 609, 'unreserved'),
(612, 10, 610, 'unreserved'),
(613, 10, 611, 'unreserved'),
(614, 10, 612, 'unreserved'),
(615, 10, 613, 'unreserved'),
(616, 10, 614, 'unreserved'),
(617, 10, 615, 'unreserved'),
(618, 10, 616, 'unreserved'),
(619, 10, 617, 'unreserved'),
(620, 10, 618, 'unreserved'),
(621, 10, 619, 'unreserved'),
(622, 10, 620, 'unreserved'),
(623, 10, 621, 'unreserved'),
(624, 10, 622, 'unreserved'),
(625, 10, 623, 'unreserved'),
(626, 10, 624, 'unreserved'),
(627, 10, 625, 'unreserved'),
(628, 10, 626, 'unreserved'),
(629, 10, 627, 'unreserved'),
(630, 10, 628, 'unreserved'),
(631, 10, 629, 'unreserved'),
(632, 10, 630, 'unreserved'),
(633, 10, 631, 'unreserved'),
(634, 10, 632, 'unreserved'),
(635, 10, 633, 'unreserved'),
(636, 10, 634, 'unreserved'),
(637, 10, 635, 'unreserved'),
(638, 10, 636, 'unreserved'),
(639, 10, 637, 'unreserved'),
(640, 10, 638, 'unreserved'),
(641, 10, 639, 'unreserved'),
(642, 10, 640, 'unreserved'),
(643, 10, 641, 'unreserved'),
(644, 10, 642, 'unreserved'),
(645, 10, 643, 'unreserved'),
(646, 10, 644, 'unreserved'),
(647, 10, 645, 'unreserved'),
(648, 10, 646, 'unreserved'),
(649, 10, 647, 'unreserved'),
(650, 10, 648, 'unreserved'),
(651, 10, 649, 'unreserved'),
(652, 10, 650, 'unreserved'),
(653, 10, 651, 'unreserved'),
(654, 10, 652, 'unreserved'),
(655, 10, 653, 'unreserved'),
(656, 10, 654, 'unreserved'),
(657, 10, 655, 'unreserved'),
(658, 10, 656, 'unreserved'),
(659, 10, 657, 'unreserved'),
(660, 10, 658, 'unreserved'),
(661, 10, 659, 'unreserved'),
(662, 10, 660, 'unreserved'),
(663, 10, 661, 'unreserved'),
(664, 10, 662, 'unreserved'),
(665, 10, 663, 'unreserved'),
(666, 10, 664, 'unreserved'),
(667, 10, 665, 'unreserved'),
(668, 10, 666, 'unreserved'),
(669, 10, 667, 'unreserved'),
(670, 10, 668, 'unreserved'),
(671, 10, 669, 'unreserved'),
(672, 10, 670, 'unreserved'),
(673, 10, 671, 'unreserved'),
(674, 10, 672, 'unreserved'),
(675, 10, 673, 'unreserved'),
(676, 10, 674, 'unreserved'),
(677, 10, 675, 'unreserved'),
(678, 10, 676, 'unreserved'),
(679, 10, 677, 'unreserved'),
(680, 10, 678, 'unreserved'),
(681, 10, 679, 'unreserved'),
(682, 10, 680, 'unreserved'),
(683, 10, 681, 'unreserved'),
(684, 10, 682, 'unreserved'),
(685, 10, 683, 'unreserved'),
(686, 10, 684, 'unreserved'),
(687, 10, 685, 'unreserved'),
(688, 10, 686, 'unreserved'),
(689, 10, 687, 'unreserved'),
(690, 10, 688, 'unreserved'),
(691, 10, 689, 'unreserved'),
(692, 10, 690, 'unreserved'),
(693, 10, 691, 'unreserved'),
(694, 10, 692, 'unreserved'),
(695, 10, 693, 'unreserved'),
(696, 10, 694, 'unreserved'),
(697, 10, 695, 'unreserved'),
(698, 10, 696, 'unreserved'),
(699, 10, 697, 'unreserved'),
(700, 10, 698, 'unreserved'),
(701, 10, 699, 'unreserved'),
(702, 10, 700, 'unreserved'),
(703, 10, 701, 'unreserved'),
(704, 10, 702, 'unreserved'),
(705, 10, 703, 'unreserved'),
(706, 10, 704, 'unreserved'),
(707, 10, 705, 'unreserved'),
(708, 10, 706, 'unreserved'),
(709, 10, 707, 'unreserved'),
(710, 10, 708, 'unreserved'),
(711, 10, 709, 'unreserved'),
(712, 10, 710, 'unreserved'),
(713, 10, 711, 'unreserved'),
(714, 10, 712, 'unreserved'),
(715, 10, 713, 'unreserved'),
(716, 10, 714, 'unreserved'),
(717, 10, 715, 'unreserved'),
(718, 10, 716, 'unreserved'),
(719, 10, 717, 'unreserved'),
(720, 10, 718, 'unreserved'),
(721, 10, 719, 'unreserved'),
(722, 10, 720, 'unreserved'),
(723, 10, 721, 'unreserved'),
(724, 10, 722, 'unreserved'),
(725, 10, 723, 'unreserved'),
(726, 10, 724, 'unreserved'),
(727, 10, 725, 'unreserved'),
(728, 10, 726, 'unreserved'),
(729, 10, 727, 'unreserved'),
(730, 10, 728, 'unreserved'),
(731, 10, 729, 'unreserved'),
(732, 10, 730, 'unreserved'),
(733, 10, 731, 'unreserved'),
(734, 10, 732, 'unreserved'),
(735, 10, 733, 'unreserved'),
(736, 10, 734, 'unreserved'),
(737, 10, 735, 'unreserved'),
(738, 10, 736, 'unreserved'),
(739, 10, 737, 'unreserved'),
(740, 10, 738, 'unreserved'),
(741, 10, 739, 'unreserved'),
(742, 10, 740, 'unreserved'),
(743, 10, 741, 'unreserved'),
(744, 10, 742, 'unreserved'),
(745, 10, 743, 'unreserved'),
(746, 10, 744, 'unreserved'),
(747, 10, 745, 'unreserved'),
(748, 10, 746, 'unreserved'),
(749, 10, 747, 'unreserved'),
(750, 10, 748, 'unreserved'),
(751, 10, 749, 'unreserved'),
(752, 10, 750, 'unreserved'),
(753, 10, 751, 'unreserved'),
(754, 10, 752, 'unreserved'),
(755, 10, 753, 'unreserved'),
(756, 10, 754, 'unreserved'),
(757, 10, 755, 'unreserved'),
(758, 10, 756, 'unreserved'),
(759, 10, 757, 'unreserved'),
(760, 10, 758, 'unreserved'),
(761, 10, 759, 'unreserved'),
(762, 10, 760, 'unreserved'),
(763, 10, 761, 'unreserved'),
(764, 10, 762, 'unreserved'),
(765, 10, 763, 'unreserved'),
(766, 10, 764, 'unreserved'),
(767, 10, 765, 'unreserved'),
(768, 10, 766, 'unreserved'),
(769, 10, 767, 'unreserved'),
(770, 10, 768, 'unreserved'),
(771, 10, 769, 'unreserved'),
(772, 10, 770, 'unreserved'),
(773, 10, 771, 'unreserved'),
(774, 10, 772, 'unreserved'),
(775, 10, 773, 'unreserved'),
(776, 10, 774, 'unreserved'),
(777, 10, 775, 'unreserved'),
(778, 10, 776, 'unreserved'),
(779, 10, 777, 'unreserved'),
(780, 10, 778, 'unreserved'),
(781, 10, 779, 'unreserved'),
(782, 10, 780, 'unreserved'),
(783, 10, 781, 'unreserved'),
(784, 10, 782, 'unreserved'),
(785, 10, 783, 'reserved'),
(786, 10, 784, 'unreserved'),
(787, 10, 785, 'unreserved'),
(788, 10, 786, 'unreserved'),
(789, 10, 787, 'unreserved'),
(790, 10, 788, 'unreserved'),
(791, 10, 789, 'unreserved'),
(792, 10, 790, 'unreserved'),
(793, 10, 791, 'unreserved'),
(794, 10, 792, 'unreserved'),
(795, 10, 793, 'unreserved'),
(796, 10, 794, 'unreserved'),
(797, 10, 795, 'unreserved'),
(798, 10, 796, 'unreserved'),
(799, 10, 797, 'unreserved'),
(800, 10, 798, 'unreserved'),
(801, 10, 799, 'unreserved'),
(802, 10, 800, 'reserved'),
(3203, 14, 1, 'reserved'),
(3204, 14, 2, 'unreserved'),
(3205, 14, 3, 'unreserved'),
(3206, 14, 4, 'unreserved'),
(3207, 14, 5, 'unreserved'),
(3208, 14, 6, 'unreserved'),
(3209, 14, 7, 'unreserved'),
(3210, 14, 8, 'unreserved'),
(3211, 14, 9, 'reserved'),
(3212, 14, 10, 'unreserved'),
(3213, 14, 11, 'unreserved'),
(3214, 14, 12, 'unreserved'),
(3215, 14, 13, 'unreserved'),
(3216, 14, 14, 'unreserved'),
(3217, 14, 15, 'unreserved'),
(3218, 14, 16, 'unreserved'),
(3219, 14, 17, 'unreserved'),
(3220, 14, 18, 'unreserved'),
(3221, 14, 19, 'unreserved'),
(3222, 14, 20, 'unreserved'),
(3223, 14, 21, 'unreserved'),
(3224, 14, 22, 'reserved'),
(3225, 14, 23, 'unreserved'),
(3226, 14, 24, 'unreserved'),
(3227, 14, 25, 'unreserved'),
(3228, 14, 26, 'unreserved'),
(3229, 14, 27, 'unreserved'),
(3230, 14, 28, 'unreserved'),
(3231, 14, 29, 'unreserved'),
(3232, 14, 30, 'unreserved'),
(3233, 14, 31, 'unreserved'),
(3234, 14, 32, 'unreserved'),
(3235, 14, 33, 'unreserved'),
(3236, 14, 34, 'unreserved'),
(3237, 14, 35, 'unreserved'),
(3238, 14, 36, 'unreserved'),
(3239, 14, 37, 'unreserved'),
(3240, 14, 38, 'unreserved'),
(3241, 14, 39, 'unreserved'),
(3242, 14, 40, 'unreserved'),
(3243, 14, 41, 'unreserved'),
(3244, 14, 42, 'unreserved'),
(3245, 14, 43, 'unreserved'),
(3246, 14, 44, 'unreserved'),
(3247, 14, 45, 'unreserved'),
(3248, 14, 46, 'unreserved'),
(3249, 14, 47, 'unreserved'),
(3250, 14, 48, 'unreserved'),
(3251, 14, 49, 'unreserved'),
(3252, 14, 50, 'unreserved'),
(3253, 14, 51, 'unreserved'),
(3254, 14, 52, 'unreserved'),
(3255, 14, 53, 'unreserved'),
(3256, 14, 54, 'unreserved'),
(3257, 14, 55, 'unreserved'),
(3258, 14, 56, 'unreserved'),
(3259, 14, 57, 'unreserved'),
(3260, 14, 58, 'unreserved'),
(3261, 14, 59, 'unreserved'),
(3262, 14, 60, 'unreserved'),
(3263, 14, 61, 'unreserved'),
(3264, 14, 62, 'unreserved'),
(3265, 14, 63, 'unreserved'),
(3266, 14, 64, 'unreserved'),
(3267, 14, 65, 'unreserved'),
(3268, 14, 66, 'unreserved'),
(3269, 14, 67, 'unreserved'),
(3270, 14, 68, 'unreserved'),
(3271, 14, 69, 'unreserved'),
(3272, 14, 70, 'unreserved'),
(3273, 14, 71, 'unreserved'),
(3274, 14, 72, 'unreserved'),
(3275, 14, 73, 'unreserved'),
(3276, 14, 74, 'unreserved'),
(3277, 14, 75, 'unreserved'),
(3278, 14, 76, 'unreserved'),
(3279, 14, 77, 'unreserved'),
(3280, 14, 78, 'unreserved'),
(3281, 14, 79, 'unreserved'),
(3282, 14, 80, 'unreserved'),
(3283, 14, 81, 'unreserved'),
(3284, 14, 82, 'unreserved'),
(3285, 14, 83, 'unreserved'),
(3286, 14, 84, 'unreserved'),
(3287, 14, 85, 'unreserved'),
(3288, 14, 86, 'unreserved'),
(3289, 14, 87, 'unreserved'),
(3290, 14, 88, 'unreserved'),
(3291, 14, 89, 'unreserved'),
(3292, 14, 90, 'unreserved'),
(3293, 14, 91, 'unreserved'),
(3294, 14, 92, 'unreserved'),
(3295, 14, 93, 'unreserved'),
(3296, 14, 94, 'unreserved'),
(3297, 14, 95, 'unreserved'),
(3298, 14, 96, 'unreserved'),
(3299, 14, 97, 'unreserved'),
(3300, 14, 98, 'unreserved'),
(3301, 14, 99, 'unreserved'),
(3302, 14, 100, 'unreserved'),
(3303, 14, 101, 'unreserved'),
(3304, 14, 102, 'unreserved'),
(3305, 14, 103, 'unreserved'),
(3306, 14, 104, 'unreserved'),
(3307, 14, 105, 'unreserved'),
(3308, 14, 106, 'unreserved'),
(3309, 14, 107, 'unreserved'),
(3310, 14, 108, 'unreserved'),
(3311, 14, 109, 'unreserved'),
(3312, 14, 110, 'unreserved'),
(3313, 14, 111, 'unreserved'),
(3314, 14, 112, 'unreserved'),
(3315, 14, 113, 'unreserved'),
(3316, 14, 114, 'unreserved'),
(3317, 14, 115, 'unreserved'),
(3318, 14, 116, 'unreserved'),
(3319, 14, 117, 'unreserved'),
(3320, 14, 118, 'unreserved'),
(3321, 14, 119, 'unreserved'),
(3322, 14, 120, 'unreserved'),
(3323, 14, 121, 'unreserved'),
(3324, 14, 122, 'unreserved'),
(3325, 14, 123, 'unreserved'),
(3326, 14, 124, 'unreserved'),
(3327, 14, 125, 'unreserved'),
(3328, 14, 126, 'unreserved'),
(3329, 14, 127, 'unreserved'),
(3330, 14, 128, 'unreserved'),
(3331, 14, 129, 'unreserved'),
(3332, 14, 130, 'unreserved'),
(3333, 14, 131, 'unreserved'),
(3334, 14, 132, 'unreserved'),
(3335, 14, 133, 'unreserved'),
(3336, 14, 134, 'unreserved'),
(3337, 14, 135, 'unreserved'),
(3338, 14, 136, 'unreserved'),
(3339, 14, 137, 'unreserved'),
(3340, 14, 138, 'unreserved'),
(3341, 14, 139, 'unreserved'),
(3342, 14, 140, 'unreserved'),
(3343, 14, 141, 'unreserved'),
(3344, 14, 142, 'unreserved'),
(3345, 14, 143, 'unreserved'),
(3346, 14, 144, 'unreserved'),
(3347, 14, 145, 'unreserved'),
(3348, 14, 146, 'unreserved'),
(3349, 14, 147, 'unreserved'),
(3350, 14, 148, 'unreserved'),
(3351, 14, 149, 'unreserved'),
(3352, 14, 150, 'unreserved'),
(3353, 14, 151, 'unreserved'),
(3354, 14, 152, 'unreserved'),
(3355, 14, 153, 'unreserved'),
(3356, 14, 154, 'unreserved'),
(3357, 14, 155, 'unreserved'),
(3358, 14, 156, 'unreserved'),
(3359, 14, 157, 'unreserved'),
(3360, 14, 158, 'unreserved'),
(3361, 14, 159, 'unreserved'),
(3362, 14, 160, 'unreserved'),
(3363, 14, 161, 'unreserved'),
(3364, 14, 162, 'unreserved'),
(3365, 14, 163, 'unreserved'),
(3366, 14, 164, 'unreserved'),
(3367, 14, 165, 'unreserved'),
(3368, 14, 166, 'unreserved'),
(3369, 14, 167, 'unreserved'),
(3370, 14, 168, 'unreserved'),
(3371, 14, 169, 'unreserved'),
(3372, 14, 170, 'unreserved'),
(3373, 14, 171, 'unreserved'),
(3374, 14, 172, 'unreserved'),
(3375, 14, 173, 'unreserved'),
(3376, 14, 174, 'unreserved'),
(3377, 14, 175, 'unreserved'),
(3378, 14, 176, 'unreserved'),
(3379, 14, 177, 'unreserved'),
(3380, 14, 178, 'unreserved'),
(3381, 14, 179, 'unreserved'),
(3382, 14, 180, 'unreserved'),
(3383, 14, 181, 'unreserved'),
(3384, 14, 182, 'unreserved'),
(3385, 14, 183, 'unreserved'),
(3386, 14, 184, 'unreserved'),
(3387, 14, 185, 'unreserved'),
(3388, 14, 186, 'unreserved'),
(3389, 14, 187, 'unreserved'),
(3390, 14, 188, 'unreserved'),
(3391, 14, 189, 'unreserved'),
(3392, 14, 190, 'unreserved'),
(3393, 14, 191, 'unreserved'),
(3394, 14, 192, 'unreserved'),
(3395, 14, 193, 'unreserved'),
(3396, 14, 194, 'unreserved'),
(3397, 14, 195, 'unreserved'),
(3398, 14, 196, 'unreserved'),
(3399, 14, 197, 'unreserved'),
(3400, 14, 198, 'unreserved'),
(3401, 14, 199, 'unreserved'),
(3402, 14, 200, 'unreserved'),
(3403, 14, 201, 'unreserved'),
(3404, 14, 202, 'unreserved'),
(3405, 14, 203, 'unreserved'),
(3406, 14, 204, 'unreserved'),
(3407, 14, 205, 'unreserved'),
(3408, 14, 206, 'unreserved'),
(3409, 14, 207, 'unreserved'),
(3410, 14, 208, 'unreserved'),
(3411, 14, 209, 'unreserved'),
(3412, 14, 210, 'unreserved'),
(3413, 14, 211, 'unreserved'),
(3414, 14, 212, 'unreserved'),
(3415, 14, 213, 'unreserved'),
(3416, 14, 214, 'unreserved'),
(3417, 14, 215, 'unreserved'),
(3418, 14, 216, 'unreserved'),
(3419, 14, 217, 'unreserved'),
(3420, 14, 218, 'unreserved'),
(3421, 14, 219, 'unreserved'),
(3422, 14, 220, 'unreserved'),
(3423, 14, 221, 'unreserved'),
(3424, 14, 222, 'unreserved'),
(3425, 14, 223, 'unreserved'),
(3426, 14, 224, 'unreserved'),
(3427, 14, 225, 'unreserved'),
(3428, 14, 226, 'unreserved'),
(3429, 14, 227, 'unreserved'),
(3430, 14, 228, 'unreserved'),
(3431, 14, 229, 'unreserved'),
(3432, 14, 230, 'unreserved'),
(3433, 14, 231, 'unreserved'),
(3434, 14, 232, 'unreserved'),
(3435, 14, 233, 'unreserved'),
(3436, 14, 234, 'unreserved'),
(3437, 14, 235, 'unreserved'),
(3438, 14, 236, 'unreserved'),
(3439, 14, 237, 'unreserved'),
(3440, 14, 238, 'unreserved'),
(3441, 14, 239, 'unreserved'),
(3442, 14, 240, 'unreserved'),
(3443, 14, 241, 'unreserved'),
(3444, 14, 242, 'unreserved'),
(3445, 14, 243, 'unreserved'),
(3446, 14, 244, 'unreserved'),
(3447, 14, 245, 'unreserved'),
(3448, 14, 246, 'unreserved'),
(3449, 14, 247, 'unreserved'),
(3450, 14, 248, 'unreserved'),
(3451, 14, 249, 'unreserved'),
(3452, 14, 250, 'unreserved'),
(3453, 14, 251, 'unreserved'),
(3454, 14, 252, 'unreserved'),
(3455, 14, 253, 'unreserved'),
(3456, 14, 254, 'unreserved'),
(3457, 14, 255, 'unreserved'),
(3458, 14, 256, 'unreserved'),
(3459, 14, 257, 'unreserved'),
(3460, 14, 258, 'unreserved'),
(3461, 14, 259, 'unreserved'),
(3462, 14, 260, 'unreserved'),
(3463, 14, 261, 'unreserved'),
(3464, 14, 262, 'unreserved'),
(3465, 14, 263, 'unreserved'),
(3466, 14, 264, 'unreserved'),
(3467, 14, 265, 'unreserved'),
(3468, 14, 266, 'unreserved'),
(3469, 14, 267, 'unreserved'),
(3470, 14, 268, 'unreserved'),
(3471, 14, 269, 'unreserved'),
(3472, 14, 270, 'unreserved'),
(3473, 14, 271, 'unreserved'),
(3474, 14, 272, 'unreserved'),
(3475, 14, 273, 'unreserved'),
(3476, 14, 274, 'unreserved'),
(3477, 14, 275, 'unreserved'),
(3478, 14, 276, 'unreserved'),
(3479, 14, 277, 'unreserved'),
(3480, 14, 278, 'unreserved'),
(3481, 14, 279, 'unreserved'),
(3482, 14, 280, 'unreserved'),
(3483, 14, 281, 'unreserved'),
(3484, 14, 282, 'unreserved'),
(3485, 14, 283, 'unreserved'),
(3486, 14, 284, 'unreserved'),
(3487, 14, 285, 'unreserved'),
(3488, 14, 286, 'unreserved'),
(3489, 14, 287, 'unreserved'),
(3490, 14, 288, 'unreserved'),
(3491, 14, 289, 'unreserved'),
(3492, 14, 290, 'unreserved'),
(3493, 14, 291, 'unreserved'),
(3494, 14, 292, 'unreserved'),
(3495, 14, 293, 'unreserved'),
(3496, 14, 294, 'unreserved'),
(3497, 14, 295, 'unreserved'),
(3498, 14, 296, 'unreserved'),
(3499, 14, 297, 'unreserved'),
(3500, 14, 298, 'unreserved'),
(3501, 14, 299, 'unreserved'),
(3502, 14, 300, 'unreserved'),
(3503, 14, 301, 'unreserved'),
(3504, 14, 302, 'unreserved'),
(3505, 14, 303, 'unreserved'),
(3506, 14, 304, 'unreserved'),
(3507, 14, 305, 'unreserved'),
(3508, 14, 306, 'unreserved'),
(3509, 14, 307, 'unreserved'),
(3510, 14, 308, 'unreserved'),
(3511, 14, 309, 'unreserved'),
(3512, 14, 310, 'unreserved'),
(3513, 14, 311, 'unreserved'),
(3514, 14, 312, 'unreserved'),
(3515, 14, 313, 'unreserved'),
(3516, 14, 314, 'unreserved'),
(3517, 14, 315, 'unreserved'),
(3518, 14, 316, 'unreserved'),
(3519, 14, 317, 'unreserved'),
(3520, 14, 318, 'unreserved'),
(3521, 14, 319, 'unreserved'),
(3522, 14, 320, 'unreserved'),
(3523, 14, 321, 'unreserved'),
(3524, 14, 322, 'unreserved'),
(3525, 14, 323, 'unreserved'),
(3526, 14, 324, 'unreserved'),
(3527, 14, 325, 'unreserved'),
(3528, 14, 326, 'unreserved'),
(3529, 14, 327, 'unreserved'),
(3530, 14, 328, 'unreserved'),
(3531, 14, 329, 'unreserved'),
(3532, 14, 330, 'unreserved'),
(3533, 14, 331, 'unreserved'),
(3534, 14, 332, 'unreserved'),
(3535, 14, 333, 'unreserved'),
(3536, 14, 334, 'unreserved'),
(3537, 14, 335, 'unreserved'),
(3538, 14, 336, 'unreserved'),
(3539, 14, 337, 'unreserved'),
(3540, 14, 338, 'unreserved'),
(3541, 14, 339, 'unreserved'),
(3542, 14, 340, 'unreserved'),
(3543, 14, 341, 'unreserved'),
(3544, 14, 342, 'unreserved'),
(3545, 14, 343, 'unreserved'),
(3546, 14, 344, 'unreserved'),
(3547, 14, 345, 'unreserved'),
(3548, 14, 346, 'unreserved'),
(3549, 14, 347, 'unreserved'),
(3550, 14, 348, 'unreserved'),
(3551, 14, 349, 'unreserved'),
(3552, 14, 350, 'unreserved'),
(3553, 14, 351, 'unreserved'),
(3554, 14, 352, 'unreserved'),
(3555, 14, 353, 'unreserved'),
(3556, 14, 354, 'unreserved'),
(3557, 14, 355, 'unreserved'),
(3558, 14, 356, 'unreserved'),
(3559, 14, 357, 'unreserved'),
(3560, 14, 358, 'unreserved'),
(3561, 14, 359, 'unreserved'),
(3562, 14, 360, 'unreserved'),
(3563, 14, 361, 'unreserved'),
(3564, 14, 362, 'unreserved'),
(3565, 14, 363, 'unreserved'),
(3566, 14, 364, 'unreserved'),
(3567, 14, 365, 'unreserved'),
(3568, 14, 366, 'unreserved'),
(3569, 14, 367, 'unreserved'),
(3570, 14, 368, 'unreserved'),
(3571, 14, 369, 'unreserved'),
(3572, 14, 370, 'unreserved'),
(3573, 14, 371, 'unreserved'),
(3574, 14, 372, 'unreserved'),
(3575, 14, 373, 'unreserved'),
(3576, 14, 374, 'unreserved'),
(3577, 14, 375, 'unreserved'),
(3578, 14, 376, 'unreserved'),
(3579, 14, 377, 'unreserved'),
(3580, 14, 378, 'unreserved'),
(3581, 14, 379, 'unreserved'),
(3582, 14, 380, 'unreserved'),
(3583, 14, 381, 'unreserved'),
(3584, 14, 382, 'unreserved'),
(3585, 14, 383, 'unreserved'),
(3586, 14, 384, 'unreserved'),
(3587, 14, 385, 'unreserved'),
(3588, 14, 386, 'unreserved'),
(3589, 14, 387, 'unreserved'),
(3590, 14, 388, 'unreserved'),
(3591, 14, 389, 'unreserved'),
(3592, 14, 390, 'unreserved'),
(3593, 14, 391, 'unreserved'),
(3594, 14, 392, 'unreserved'),
(3595, 14, 393, 'unreserved'),
(3596, 14, 394, 'unreserved'),
(3597, 14, 395, 'unreserved'),
(3598, 14, 396, 'unreserved'),
(3599, 14, 397, 'unreserved'),
(3600, 14, 398, 'unreserved'),
(3601, 14, 399, 'unreserved'),
(3602, 14, 400, 'unreserved'),
(3603, 14, 401, 'unreserved'),
(3604, 14, 402, 'unreserved'),
(3605, 14, 403, 'unreserved'),
(3606, 14, 404, 'unreserved'),
(3607, 14, 405, 'unreserved'),
(3608, 14, 406, 'unreserved'),
(3609, 14, 407, 'unreserved'),
(3610, 14, 408, 'unreserved'),
(3611, 14, 409, 'unreserved'),
(3612, 14, 410, 'unreserved'),
(3613, 14, 411, 'unreserved'),
(3614, 14, 412, 'unreserved'),
(3615, 14, 413, 'unreserved'),
(3616, 14, 414, 'unreserved'),
(3617, 14, 415, 'unreserved'),
(3618, 14, 416, 'unreserved'),
(3619, 14, 417, 'unreserved'),
(3620, 14, 418, 'unreserved'),
(3621, 14, 419, 'unreserved'),
(3622, 14, 420, 'unreserved'),
(3623, 14, 421, 'unreserved'),
(3624, 14, 422, 'unreserved'),
(3625, 14, 423, 'unreserved'),
(3626, 14, 424, 'unreserved'),
(3627, 14, 425, 'unreserved'),
(3628, 14, 426, 'unreserved'),
(3629, 14, 427, 'unreserved'),
(3630, 14, 428, 'unreserved'),
(3631, 14, 429, 'unreserved'),
(3632, 14, 430, 'unreserved'),
(3633, 14, 431, 'unreserved'),
(3634, 14, 432, 'unreserved'),
(3635, 14, 433, 'unreserved'),
(3636, 14, 434, 'unreserved'),
(3637, 14, 435, 'unreserved'),
(3638, 14, 436, 'unreserved'),
(3639, 14, 437, 'unreserved'),
(3640, 14, 438, 'unreserved'),
(3641, 14, 439, 'unreserved'),
(3642, 14, 440, 'unreserved'),
(3643, 14, 441, 'unreserved'),
(3644, 14, 442, 'unreserved'),
(3645, 14, 443, 'unreserved'),
(3646, 14, 444, 'unreserved'),
(3647, 14, 445, 'unreserved'),
(3648, 14, 446, 'unreserved'),
(3649, 14, 447, 'unreserved'),
(3650, 14, 448, 'unreserved'),
(3651, 14, 449, 'unreserved'),
(3652, 14, 450, 'unreserved'),
(3653, 14, 451, 'unreserved'),
(3654, 14, 452, 'unreserved'),
(3655, 14, 453, 'unreserved'),
(3656, 14, 454, 'unreserved'),
(3657, 14, 455, 'unreserved'),
(3658, 14, 456, 'unreserved'),
(3659, 14, 457, 'unreserved'),
(3660, 14, 458, 'unreserved'),
(3661, 14, 459, 'unreserved'),
(3662, 14, 460, 'unreserved'),
(3663, 14, 461, 'unreserved'),
(3664, 14, 462, 'unreserved'),
(3665, 14, 463, 'unreserved'),
(3666, 14, 464, 'unreserved'),
(3667, 14, 465, 'unreserved'),
(3668, 14, 466, 'unreserved'),
(3669, 14, 467, 'unreserved'),
(3670, 14, 468, 'unreserved'),
(3671, 14, 469, 'unreserved'),
(3672, 14, 470, 'unreserved'),
(3673, 14, 471, 'unreserved'),
(3674, 14, 472, 'unreserved'),
(3675, 14, 473, 'unreserved'),
(3676, 14, 474, 'unreserved'),
(3677, 14, 475, 'unreserved'),
(3678, 14, 476, 'unreserved'),
(3679, 14, 477, 'unreserved'),
(3680, 14, 478, 'unreserved'),
(3681, 14, 479, 'unreserved'),
(3682, 14, 480, 'unreserved'),
(3683, 14, 481, 'unreserved'),
(3684, 14, 482, 'unreserved'),
(3685, 14, 483, 'unreserved'),
(3686, 14, 484, 'unreserved'),
(3687, 14, 485, 'unreserved'),
(3688, 14, 486, 'unreserved'),
(3689, 14, 487, 'unreserved'),
(3690, 14, 488, 'unreserved'),
(3691, 14, 489, 'unreserved'),
(3692, 14, 490, 'unreserved'),
(3693, 14, 491, 'unreserved'),
(3694, 14, 492, 'unreserved'),
(3695, 14, 493, 'unreserved'),
(3696, 14, 494, 'unreserved'),
(3697, 14, 495, 'unreserved'),
(3698, 14, 496, 'unreserved'),
(3699, 14, 497, 'unreserved'),
(3700, 14, 498, 'unreserved'),
(3701, 14, 499, 'unreserved'),
(3702, 14, 500, 'unreserved'),
(3703, 14, 501, 'unreserved'),
(3704, 14, 502, 'unreserved'),
(3705, 14, 503, 'unreserved'),
(3706, 14, 504, 'unreserved'),
(3707, 14, 505, 'unreserved'),
(3708, 14, 506, 'unreserved'),
(3709, 14, 507, 'unreserved'),
(3710, 14, 508, 'unreserved'),
(3711, 14, 509, 'unreserved'),
(3712, 14, 510, 'unreserved'),
(3713, 14, 511, 'unreserved'),
(3714, 14, 512, 'unreserved'),
(3715, 14, 513, 'unreserved'),
(3716, 14, 514, 'unreserved'),
(3717, 14, 515, 'unreserved'),
(3718, 14, 516, 'unreserved'),
(3719, 14, 517, 'unreserved'),
(3720, 14, 518, 'unreserved'),
(3721, 14, 519, 'unreserved'),
(3722, 14, 520, 'unreserved'),
(3723, 14, 521, 'unreserved'),
(3724, 14, 522, 'unreserved'),
(3725, 14, 523, 'unreserved'),
(3726, 14, 524, 'unreserved'),
(3727, 14, 525, 'unreserved'),
(3728, 14, 526, 'unreserved'),
(3729, 14, 527, 'unreserved'),
(3730, 14, 528, 'unreserved'),
(3731, 14, 529, 'unreserved'),
(3732, 14, 530, 'unreserved'),
(3733, 14, 531, 'unreserved'),
(3734, 14, 532, 'unreserved'),
(3735, 14, 533, 'unreserved'),
(3736, 14, 534, 'unreserved'),
(3737, 14, 535, 'unreserved'),
(3738, 14, 536, 'unreserved'),
(3739, 14, 537, 'unreserved'),
(3740, 14, 538, 'unreserved'),
(3741, 14, 539, 'unreserved'),
(3742, 14, 540, 'unreserved'),
(3743, 14, 541, 'unreserved'),
(3744, 14, 542, 'unreserved'),
(3745, 14, 543, 'unreserved'),
(3746, 14, 544, 'unreserved'),
(3747, 14, 545, 'unreserved'),
(3748, 14, 546, 'unreserved'),
(3749, 14, 547, 'unreserved'),
(3750, 14, 548, 'unreserved'),
(3751, 14, 549, 'unreserved'),
(3752, 14, 550, 'unreserved'),
(3753, 14, 551, 'unreserved'),
(3754, 14, 552, 'unreserved'),
(3755, 14, 553, 'unreserved'),
(3756, 14, 554, 'unreserved'),
(3757, 14, 555, 'unreserved'),
(3758, 14, 556, 'unreserved'),
(3759, 14, 557, 'unreserved'),
(3760, 14, 558, 'unreserved'),
(3761, 14, 559, 'unreserved'),
(3762, 14, 560, 'unreserved'),
(3763, 14, 561, 'unreserved'),
(3764, 14, 562, 'unreserved'),
(3765, 14, 563, 'unreserved'),
(3766, 14, 564, 'unreserved'),
(3767, 14, 565, 'unreserved'),
(3768, 14, 566, 'unreserved'),
(3769, 14, 567, 'unreserved'),
(3770, 14, 568, 'unreserved'),
(3771, 14, 569, 'unreserved'),
(3772, 14, 570, 'unreserved'),
(3773, 14, 571, 'unreserved'),
(3774, 14, 572, 'unreserved'),
(3775, 14, 573, 'unreserved'),
(3776, 14, 574, 'unreserved'),
(3777, 14, 575, 'unreserved'),
(3778, 14, 576, 'unreserved'),
(3779, 14, 577, 'unreserved'),
(3780, 14, 578, 'unreserved'),
(3781, 14, 579, 'unreserved'),
(3782, 14, 580, 'unreserved'),
(3783, 14, 581, 'unreserved'),
(3784, 14, 582, 'unreserved'),
(3785, 14, 583, 'unreserved'),
(3786, 14, 584, 'unreserved'),
(3787, 14, 585, 'unreserved'),
(3788, 14, 586, 'unreserved'),
(3789, 14, 587, 'unreserved'),
(3790, 14, 588, 'unreserved'),
(3791, 14, 589, 'unreserved'),
(3792, 14, 590, 'unreserved'),
(3793, 14, 591, 'unreserved'),
(3794, 14, 592, 'unreserved'),
(3795, 14, 593, 'unreserved'),
(3796, 14, 594, 'unreserved'),
(3797, 14, 595, 'unreserved'),
(3798, 14, 596, 'unreserved'),
(3799, 14, 597, 'unreserved'),
(3800, 14, 598, 'unreserved'),
(3801, 14, 599, 'unreserved'),
(3802, 14, 600, 'unreserved'),
(3803, 14, 601, 'unreserved'),
(3804, 14, 602, 'unreserved'),
(3805, 14, 603, 'unreserved'),
(3806, 14, 604, 'unreserved'),
(3807, 14, 605, 'unreserved'),
(3808, 14, 606, 'unreserved'),
(3809, 14, 607, 'unreserved'),
(3810, 14, 608, 'unreserved'),
(3811, 14, 609, 'unreserved'),
(3812, 14, 610, 'unreserved'),
(3813, 14, 611, 'unreserved'),
(3814, 14, 612, 'unreserved'),
(3815, 14, 613, 'unreserved'),
(3816, 14, 614, 'unreserved'),
(3817, 14, 615, 'unreserved'),
(3818, 14, 616, 'unreserved'),
(3819, 14, 617, 'unreserved'),
(3820, 14, 618, 'unreserved'),
(3821, 14, 619, 'unreserved'),
(3822, 14, 620, 'unreserved'),
(3823, 14, 621, 'unreserved'),
(3824, 14, 622, 'unreserved'),
(3825, 14, 623, 'unreserved'),
(3826, 14, 624, 'unreserved'),
(3827, 14, 625, 'unreserved'),
(3828, 14, 626, 'unreserved'),
(3829, 14, 627, 'unreserved'),
(3830, 14, 628, 'unreserved'),
(3831, 14, 629, 'unreserved'),
(3832, 14, 630, 'unreserved'),
(3833, 14, 631, 'unreserved'),
(3834, 14, 632, 'unreserved'),
(3835, 14, 633, 'unreserved'),
(3836, 14, 634, 'unreserved'),
(3837, 14, 635, 'unreserved'),
(3838, 14, 636, 'unreserved'),
(3839, 14, 637, 'unreserved'),
(3840, 14, 638, 'unreserved'),
(3841, 14, 639, 'unreserved'),
(3842, 14, 640, 'unreserved'),
(3843, 14, 641, 'unreserved'),
(3844, 14, 642, 'unreserved'),
(3845, 14, 643, 'unreserved'),
(3846, 14, 644, 'unreserved'),
(3847, 14, 645, 'unreserved'),
(3848, 14, 646, 'unreserved'),
(3849, 14, 647, 'unreserved'),
(3850, 14, 648, 'unreserved'),
(3851, 14, 649, 'unreserved'),
(3852, 14, 650, 'unreserved'),
(3853, 14, 651, 'unreserved'),
(3854, 14, 652, 'unreserved'),
(3855, 14, 653, 'unreserved'),
(3856, 14, 654, 'unreserved'),
(3857, 14, 655, 'unreserved'),
(3858, 14, 656, 'unreserved'),
(3859, 14, 657, 'unreserved'),
(3860, 14, 658, 'unreserved'),
(3861, 14, 659, 'unreserved'),
(3862, 14, 660, 'unreserved'),
(3863, 14, 661, 'unreserved'),
(3864, 14, 662, 'unreserved'),
(3865, 14, 663, 'unreserved'),
(3866, 14, 664, 'unreserved'),
(3867, 14, 665, 'unreserved'),
(3868, 14, 666, 'unreserved'),
(3869, 14, 667, 'unreserved'),
(3870, 14, 668, 'unreserved'),
(3871, 14, 669, 'unreserved'),
(3872, 14, 670, 'unreserved'),
(3873, 14, 671, 'unreserved'),
(3874, 14, 672, 'unreserved'),
(3875, 14, 673, 'unreserved'),
(3876, 14, 674, 'unreserved'),
(3877, 14, 675, 'unreserved'),
(3878, 14, 676, 'unreserved'),
(3879, 14, 677, 'unreserved'),
(3880, 14, 678, 'unreserved'),
(3881, 14, 679, 'unreserved'),
(3882, 14, 680, 'unreserved'),
(3883, 14, 681, 'unreserved'),
(3884, 14, 682, 'unreserved'),
(3885, 14, 683, 'unreserved'),
(3886, 14, 684, 'unreserved'),
(3887, 14, 685, 'unreserved'),
(3888, 14, 686, 'unreserved'),
(3889, 14, 687, 'unreserved'),
(3890, 14, 688, 'unreserved'),
(3891, 14, 689, 'unreserved'),
(3892, 14, 690, 'unreserved'),
(3893, 14, 691, 'unreserved'),
(3894, 14, 692, 'unreserved'),
(3895, 14, 693, 'unreserved'),
(3896, 14, 694, 'unreserved'),
(3897, 14, 695, 'unreserved'),
(3898, 14, 696, 'unreserved'),
(3899, 14, 697, 'unreserved'),
(3900, 14, 698, 'unreserved'),
(3901, 14, 699, 'unreserved'),
(3902, 14, 700, 'unreserved'),
(3903, 14, 701, 'unreserved'),
(3904, 14, 702, 'unreserved'),
(3905, 14, 703, 'unreserved'),
(3906, 14, 704, 'unreserved'),
(3907, 14, 705, 'unreserved'),
(3908, 14, 706, 'unreserved'),
(3909, 14, 707, 'unreserved'),
(3910, 14, 708, 'unreserved'),
(3911, 14, 709, 'unreserved'),
(3912, 14, 710, 'unreserved'),
(3913, 14, 711, 'unreserved'),
(3914, 14, 712, 'unreserved'),
(3915, 14, 713, 'unreserved'),
(3916, 14, 714, 'unreserved'),
(3917, 14, 715, 'unreserved'),
(3918, 14, 716, 'unreserved'),
(3919, 14, 717, 'unreserved'),
(3920, 14, 718, 'unreserved'),
(3921, 14, 719, 'unreserved'),
(3922, 14, 720, 'unreserved'),
(3923, 14, 721, 'unreserved'),
(3924, 14, 722, 'unreserved'),
(3925, 14, 723, 'unreserved'),
(3926, 14, 724, 'unreserved'),
(3927, 14, 725, 'unreserved'),
(3928, 14, 726, 'unreserved'),
(3929, 14, 727, 'unreserved'),
(3930, 14, 728, 'unreserved'),
(3931, 14, 729, 'unreserved'),
(3932, 14, 730, 'unreserved'),
(3933, 14, 731, 'unreserved'),
(3934, 14, 732, 'unreserved'),
(3935, 14, 733, 'unreserved'),
(3936, 14, 734, 'unreserved'),
(3937, 14, 735, 'unreserved'),
(3938, 14, 736, 'unreserved'),
(3939, 14, 737, 'unreserved'),
(3940, 14, 738, 'unreserved'),
(3941, 14, 739, 'unreserved'),
(3942, 14, 740, 'unreserved'),
(3943, 14, 741, 'unreserved'),
(3944, 14, 742, 'unreserved'),
(3945, 14, 743, 'unreserved'),
(3946, 14, 744, 'unreserved'),
(3947, 14, 745, 'unreserved'),
(3948, 14, 746, 'unreserved'),
(3949, 14, 747, 'unreserved'),
(3950, 14, 748, 'unreserved'),
(3951, 14, 749, 'unreserved'),
(3952, 14, 750, 'unreserved'),
(3953, 14, 751, 'unreserved'),
(3954, 14, 752, 'unreserved'),
(3955, 14, 753, 'unreserved'),
(3956, 14, 754, 'unreserved'),
(3957, 14, 755, 'unreserved'),
(3958, 14, 756, 'unreserved'),
(3959, 14, 757, 'unreserved'),
(3960, 14, 758, 'unreserved'),
(3961, 14, 759, 'unreserved'),
(3962, 14, 760, 'unreserved'),
(3963, 14, 761, 'unreserved'),
(3964, 14, 762, 'unreserved'),
(3965, 14, 763, 'unreserved'),
(3966, 14, 764, 'unreserved'),
(3967, 14, 765, 'unreserved'),
(3968, 14, 766, 'unreserved'),
(3969, 14, 767, 'unreserved'),
(3970, 14, 768, 'unreserved'),
(3971, 14, 769, 'unreserved'),
(3972, 14, 770, 'unreserved'),
(3973, 14, 771, 'unreserved'),
(3974, 14, 772, 'unreserved'),
(3975, 14, 773, 'unreserved'),
(3976, 14, 774, 'unreserved'),
(3977, 14, 775, 'unreserved'),
(3978, 14, 776, 'unreserved'),
(3979, 14, 777, 'unreserved'),
(3980, 14, 778, 'unreserved'),
(3981, 14, 779, 'unreserved'),
(3982, 14, 780, 'unreserved'),
(3983, 14, 781, 'unreserved'),
(3984, 14, 782, 'unreserved'),
(3985, 14, 783, 'unreserved'),
(3986, 14, 784, 'unreserved'),
(3987, 14, 785, 'unreserved'),
(3988, 14, 786, 'unreserved'),
(3989, 14, 787, 'unreserved'),
(3990, 14, 788, 'unreserved'),
(3991, 14, 789, 'unreserved'),
(3992, 14, 790, 'unreserved'),
(3993, 14, 791, 'unreserved'),
(3994, 14, 792, 'unreserved'),
(3995, 14, 793, 'unreserved'),
(3996, 14, 794, 'unreserved'),
(3997, 14, 795, 'unreserved'),
(3998, 14, 796, 'unreserved'),
(3999, 14, 797, 'unreserved'),
(4000, 14, 798, 'unreserved'),
(4001, 14, 799, 'unreserved'),
(4002, 14, 800, 'unreserved'),
(11203, 24, 1, 'reserved'),
(11204, 24, 2, 'unreserved'),
(11205, 24, 3, 'unreserved'),
(11206, 24, 4, 'unreserved'),
(11207, 24, 5, 'unreserved'),
(11208, 24, 6, 'unreserved'),
(11209, 24, 7, 'unreserved'),
(11210, 24, 8, 'unreserved'),
(11211, 24, 9, 'unreserved'),
(11212, 24, 10, 'unreserved'),
(11213, 24, 11, 'unreserved'),
(11214, 24, 12, 'unreserved'),
(11215, 24, 13, 'unreserved'),
(11216, 24, 14, 'unreserved'),
(11217, 24, 15, 'unreserved'),
(11218, 24, 16, 'unreserved'),
(11219, 24, 17, 'unreserved'),
(11220, 24, 18, 'unreserved'),
(11221, 24, 19, 'unreserved'),
(11222, 24, 20, 'unreserved'),
(11223, 24, 21, 'unreserved'),
(11224, 24, 22, 'unreserved'),
(11225, 24, 23, 'unreserved'),
(11226, 24, 24, 'unreserved'),
(11227, 24, 25, 'reserved'),
(11228, 24, 26, 'unreserved'),
(11229, 24, 27, 'unreserved'),
(11230, 24, 28, 'unreserved'),
(11231, 24, 29, 'unreserved'),
(11232, 24, 30, 'unreserved'),
(11233, 24, 31, 'unreserved'),
(11234, 24, 32, 'unreserved'),
(11235, 24, 33, 'unreserved'),
(11236, 24, 34, 'reserved'),
(11237, 24, 35, 'reserved'),
(11238, 24, 36, 'reserved'),
(11239, 24, 37, 'unreserved'),
(11240, 24, 38, 'unreserved'),
(11241, 24, 39, 'unreserved'),
(11242, 24, 40, 'unreserved'),
(11243, 24, 41, 'reserved'),
(11244, 24, 42, 'unreserved'),
(11245, 24, 43, 'unreserved'),
(11246, 24, 44, 'unreserved'),
(11247, 24, 45, 'unreserved'),
(11248, 24, 46, 'unreserved'),
(11249, 24, 47, 'unreserved'),
(11250, 24, 48, 'unreserved'),
(11251, 24, 49, 'unreserved'),
(11252, 24, 50, 'unreserved'),
(11253, 24, 51, 'unreserved'),
(11254, 24, 52, 'unreserved'),
(11255, 24, 53, 'unreserved'),
(11256, 24, 54, 'unreserved'),
(11257, 24, 55, 'unreserved'),
(11258, 24, 56, 'unreserved'),
(11259, 24, 57, 'unreserved'),
(11260, 24, 58, 'unreserved'),
(11261, 24, 59, 'unreserved'),
(11262, 24, 60, 'unreserved'),
(11263, 24, 61, 'unreserved'),
(11264, 24, 62, 'unreserved'),
(11265, 24, 63, 'unreserved'),
(11266, 24, 64, 'unreserved'),
(11267, 24, 65, 'unreserved'),
(11268, 24, 66, 'unreserved'),
(11269, 24, 67, 'unreserved'),
(11270, 24, 68, 'unreserved'),
(11271, 24, 69, 'unreserved'),
(11272, 24, 70, 'unreserved'),
(11273, 24, 71, 'unreserved'),
(11274, 24, 72, 'unreserved'),
(11275, 24, 73, 'unreserved'),
(11276, 24, 74, 'unreserved'),
(11277, 24, 75, 'unreserved'),
(11278, 24, 76, 'unreserved'),
(11279, 24, 77, 'unreserved'),
(11280, 24, 78, 'unreserved'),
(11281, 24, 79, 'unreserved'),
(11282, 24, 80, 'unreserved'),
(11283, 24, 81, 'unreserved'),
(11284, 24, 82, 'unreserved'),
(11285, 24, 83, 'unreserved'),
(11286, 24, 84, 'unreserved'),
(11287, 24, 85, 'unreserved'),
(11288, 24, 86, 'unreserved'),
(11289, 24, 87, 'unreserved'),
(11290, 24, 88, 'unreserved'),
(11291, 24, 89, 'unreserved'),
(11292, 24, 90, 'unreserved'),
(11293, 24, 91, 'unreserved'),
(11294, 24, 92, 'unreserved'),
(11295, 24, 93, 'unreserved'),
(11296, 24, 94, 'unreserved'),
(11297, 24, 95, 'unreserved'),
(11298, 24, 96, 'unreserved'),
(11299, 24, 97, 'unreserved'),
(11300, 24, 98, 'unreserved'),
(11301, 24, 99, 'unreserved'),
(11302, 24, 100, 'unreserved'),
(11303, 24, 101, 'unreserved'),
(11304, 24, 102, 'unreserved'),
(11305, 24, 103, 'unreserved'),
(11306, 24, 104, 'unreserved'),
(11307, 24, 105, 'unreserved'),
(11308, 24, 106, 'unreserved'),
(11309, 24, 107, 'unreserved'),
(11310, 24, 108, 'unreserved'),
(11311, 24, 109, 'unreserved'),
(11312, 24, 110, 'unreserved'),
(11313, 24, 111, 'unreserved'),
(11314, 24, 112, 'unreserved'),
(11315, 24, 113, 'unreserved'),
(11316, 24, 114, 'unreserved'),
(11317, 24, 115, 'unreserved'),
(11318, 24, 116, 'unreserved'),
(11319, 24, 117, 'unreserved'),
(11320, 24, 118, 'unreserved'),
(11321, 24, 119, 'unreserved'),
(11322, 24, 120, 'unreserved'),
(11323, 24, 121, 'unreserved'),
(11324, 24, 122, 'unreserved'),
(11325, 24, 123, 'unreserved'),
(11326, 24, 124, 'unreserved'),
(11327, 24, 125, 'unreserved'),
(11328, 24, 126, 'unreserved'),
(11329, 24, 127, 'unreserved'),
(11330, 24, 128, 'unreserved'),
(11331, 24, 129, 'unreserved'),
(11332, 24, 130, 'unreserved'),
(11333, 24, 131, 'unreserved'),
(11334, 24, 132, 'unreserved'),
(11335, 24, 133, 'unreserved'),
(11336, 24, 134, 'unreserved'),
(11337, 24, 135, 'unreserved'),
(11338, 24, 136, 'unreserved'),
(11339, 24, 137, 'unreserved'),
(11340, 24, 138, 'unreserved'),
(11341, 24, 139, 'unreserved'),
(11342, 24, 140, 'unreserved'),
(11343, 24, 141, 'unreserved'),
(11344, 24, 142, 'unreserved'),
(11345, 24, 143, 'unreserved'),
(11346, 24, 144, 'unreserved'),
(11347, 24, 145, 'unreserved'),
(11348, 24, 146, 'unreserved'),
(11349, 24, 147, 'unreserved'),
(11350, 24, 148, 'unreserved'),
(11351, 24, 149, 'unreserved'),
(11352, 24, 150, 'unreserved'),
(11353, 24, 151, 'unreserved'),
(11354, 24, 152, 'unreserved'),
(11355, 24, 153, 'unreserved'),
(11356, 24, 154, 'unreserved'),
(11357, 24, 155, 'unreserved'),
(11358, 24, 156, 'unreserved'),
(11359, 24, 157, 'unreserved'),
(11360, 24, 158, 'unreserved'),
(11361, 24, 159, 'unreserved'),
(11362, 24, 160, 'unreserved'),
(11363, 24, 161, 'unreserved');
INSERT INTO `seat` (`Seat_id`, `Schedule_id`, `Seat_no`, `Status`) VALUES
(11364, 24, 162, 'unreserved'),
(11365, 24, 163, 'unreserved'),
(11366, 24, 164, 'unreserved'),
(11367, 24, 165, 'unreserved'),
(11368, 24, 166, 'unreserved'),
(11369, 24, 167, 'unreserved'),
(11370, 24, 168, 'unreserved'),
(11371, 24, 169, 'unreserved'),
(11372, 24, 170, 'unreserved'),
(11373, 24, 171, 'unreserved'),
(11374, 24, 172, 'unreserved'),
(11375, 24, 173, 'unreserved'),
(11376, 24, 174, 'unreserved'),
(11377, 24, 175, 'unreserved'),
(11378, 24, 176, 'unreserved'),
(11379, 24, 177, 'unreserved'),
(11380, 24, 178, 'unreserved'),
(11381, 24, 179, 'unreserved'),
(11382, 24, 180, 'unreserved'),
(11383, 24, 181, 'unreserved'),
(11384, 24, 182, 'unreserved'),
(11385, 24, 183, 'unreserved'),
(11386, 24, 184, 'unreserved'),
(11387, 24, 185, 'unreserved'),
(11388, 24, 186, 'unreserved'),
(11389, 24, 187, 'unreserved'),
(11390, 24, 188, 'unreserved'),
(11391, 24, 189, 'unreserved'),
(11392, 24, 190, 'unreserved'),
(11393, 24, 191, 'unreserved'),
(11394, 24, 192, 'unreserved'),
(11395, 24, 193, 'unreserved'),
(11396, 24, 194, 'unreserved'),
(11397, 24, 195, 'unreserved'),
(11398, 24, 196, 'unreserved'),
(11399, 24, 197, 'unreserved'),
(11400, 24, 198, 'unreserved'),
(11401, 24, 199, 'unreserved'),
(11402, 24, 200, 'unreserved'),
(11403, 24, 201, 'unreserved'),
(11404, 24, 202, 'unreserved'),
(11405, 24, 203, 'unreserved'),
(11406, 24, 204, 'unreserved'),
(11407, 24, 205, 'unreserved'),
(11408, 24, 206, 'unreserved'),
(11409, 24, 207, 'unreserved'),
(11410, 24, 208, 'unreserved'),
(11411, 24, 209, 'unreserved'),
(11412, 24, 210, 'unreserved'),
(11413, 24, 211, 'unreserved'),
(11414, 24, 212, 'unreserved'),
(11415, 24, 213, 'unreserved'),
(11416, 24, 214, 'unreserved'),
(11417, 24, 215, 'unreserved'),
(11418, 24, 216, 'unreserved'),
(11419, 24, 217, 'unreserved'),
(11420, 24, 218, 'unreserved'),
(11421, 24, 219, 'unreserved'),
(11422, 24, 220, 'unreserved'),
(11423, 24, 221, 'unreserved'),
(11424, 24, 222, 'unreserved'),
(11425, 24, 223, 'unreserved'),
(11426, 24, 224, 'unreserved'),
(11427, 24, 225, 'unreserved'),
(11428, 24, 226, 'unreserved'),
(11429, 24, 227, 'unreserved'),
(11430, 24, 228, 'unreserved'),
(11431, 24, 229, 'unreserved'),
(11432, 24, 230, 'unreserved'),
(11433, 24, 231, 'unreserved'),
(11434, 24, 232, 'unreserved'),
(11435, 24, 233, 'unreserved'),
(11436, 24, 234, 'unreserved'),
(11437, 24, 235, 'unreserved'),
(11438, 24, 236, 'unreserved'),
(11439, 24, 237, 'unreserved'),
(11440, 24, 238, 'unreserved'),
(11441, 24, 239, 'unreserved'),
(11442, 24, 240, 'unreserved'),
(11443, 24, 241, 'unreserved'),
(11444, 24, 242, 'unreserved'),
(11445, 24, 243, 'unreserved'),
(11446, 24, 244, 'unreserved'),
(11447, 24, 245, 'unreserved'),
(11448, 24, 246, 'unreserved'),
(11449, 24, 247, 'unreserved'),
(11450, 24, 248, 'unreserved'),
(11451, 24, 249, 'unreserved'),
(11452, 24, 250, 'unreserved'),
(11453, 24, 251, 'unreserved'),
(11454, 24, 252, 'unreserved'),
(11455, 24, 253, 'unreserved'),
(11456, 24, 254, 'unreserved'),
(11457, 24, 255, 'unreserved'),
(11458, 24, 256, 'unreserved'),
(11459, 24, 257, 'unreserved'),
(11460, 24, 258, 'unreserved'),
(11461, 24, 259, 'unreserved'),
(11462, 24, 260, 'unreserved'),
(11463, 24, 261, 'unreserved'),
(11464, 24, 262, 'unreserved'),
(11465, 24, 263, 'unreserved'),
(11466, 24, 264, 'unreserved'),
(11467, 24, 265, 'unreserved'),
(11468, 24, 266, 'unreserved'),
(11469, 24, 267, 'unreserved'),
(11470, 24, 268, 'unreserved'),
(11471, 24, 269, 'unreserved'),
(11472, 24, 270, 'unreserved'),
(11473, 24, 271, 'unreserved'),
(11474, 24, 272, 'unreserved'),
(11475, 24, 273, 'unreserved'),
(11476, 24, 274, 'unreserved'),
(11477, 24, 275, 'unreserved'),
(11478, 24, 276, 'unreserved'),
(11479, 24, 277, 'unreserved'),
(11480, 24, 278, 'unreserved'),
(11481, 24, 279, 'unreserved'),
(11482, 24, 280, 'unreserved'),
(11483, 24, 281, 'unreserved'),
(11484, 24, 282, 'unreserved'),
(11485, 24, 283, 'unreserved'),
(11486, 24, 284, 'unreserved'),
(11487, 24, 285, 'unreserved'),
(11488, 24, 286, 'unreserved'),
(11489, 24, 287, 'unreserved'),
(11490, 24, 288, 'unreserved'),
(11491, 24, 289, 'unreserved'),
(11492, 24, 290, 'unreserved'),
(11493, 24, 291, 'unreserved'),
(11494, 24, 292, 'unreserved'),
(11495, 24, 293, 'unreserved'),
(11496, 24, 294, 'unreserved'),
(11497, 24, 295, 'unreserved'),
(11498, 24, 296, 'unreserved'),
(11499, 24, 297, 'unreserved'),
(11500, 24, 298, 'unreserved'),
(11501, 24, 299, 'unreserved'),
(11502, 24, 300, 'unreserved'),
(11503, 24, 301, 'unreserved'),
(11504, 24, 302, 'unreserved'),
(11505, 24, 303, 'unreserved'),
(11506, 24, 304, 'unreserved'),
(11507, 24, 305, 'unreserved'),
(11508, 24, 306, 'unreserved'),
(11509, 24, 307, 'unreserved'),
(11510, 24, 308, 'unreserved'),
(11511, 24, 309, 'unreserved'),
(11512, 24, 310, 'unreserved'),
(11513, 24, 311, 'unreserved'),
(11514, 24, 312, 'unreserved'),
(11515, 24, 313, 'unreserved'),
(11516, 24, 314, 'unreserved'),
(11517, 24, 315, 'unreserved'),
(11518, 24, 316, 'unreserved'),
(11519, 24, 317, 'unreserved'),
(11520, 24, 318, 'unreserved'),
(11521, 24, 319, 'unreserved'),
(11522, 24, 320, 'unreserved'),
(11523, 24, 321, 'unreserved'),
(11524, 24, 322, 'unreserved'),
(11525, 24, 323, 'unreserved'),
(11526, 24, 324, 'unreserved'),
(11527, 24, 325, 'unreserved'),
(11528, 24, 326, 'unreserved'),
(11529, 24, 327, 'unreserved'),
(11530, 24, 328, 'unreserved'),
(11531, 24, 329, 'unreserved'),
(11532, 24, 330, 'unreserved'),
(11533, 24, 331, 'unreserved'),
(11534, 24, 332, 'unreserved'),
(11535, 24, 333, 'unreserved'),
(11536, 24, 334, 'unreserved'),
(11537, 24, 335, 'unreserved'),
(11538, 24, 336, 'unreserved'),
(11539, 24, 337, 'unreserved'),
(11540, 24, 338, 'unreserved'),
(11541, 24, 339, 'unreserved'),
(11542, 24, 340, 'unreserved'),
(11543, 24, 341, 'unreserved'),
(11544, 24, 342, 'unreserved'),
(11545, 24, 343, 'unreserved'),
(11546, 24, 344, 'unreserved'),
(11547, 24, 345, 'unreserved'),
(11548, 24, 346, 'unreserved'),
(11549, 24, 347, 'unreserved'),
(11550, 24, 348, 'unreserved'),
(11551, 24, 349, 'unreserved'),
(11552, 24, 350, 'unreserved'),
(11553, 24, 351, 'unreserved'),
(11554, 24, 352, 'unreserved'),
(11555, 24, 353, 'unreserved'),
(11556, 24, 354, 'unreserved'),
(11557, 24, 355, 'unreserved'),
(11558, 24, 356, 'unreserved'),
(11559, 24, 357, 'unreserved'),
(11560, 24, 358, 'unreserved'),
(11561, 24, 359, 'unreserved'),
(11562, 24, 360, 'unreserved'),
(11563, 24, 361, 'unreserved'),
(11564, 24, 362, 'unreserved'),
(11565, 24, 363, 'unreserved'),
(11566, 24, 364, 'unreserved'),
(11567, 24, 365, 'unreserved'),
(11568, 24, 366, 'unreserved'),
(11569, 24, 367, 'unreserved'),
(11570, 24, 368, 'unreserved'),
(11571, 24, 369, 'unreserved'),
(11572, 24, 370, 'unreserved'),
(11573, 24, 371, 'unreserved'),
(11574, 24, 372, 'unreserved'),
(11575, 24, 373, 'unreserved'),
(11576, 24, 374, 'unreserved'),
(11577, 24, 375, 'unreserved'),
(11578, 24, 376, 'unreserved'),
(11579, 24, 377, 'unreserved'),
(11580, 24, 378, 'unreserved'),
(11581, 24, 379, 'unreserved'),
(11582, 24, 380, 'unreserved'),
(11583, 24, 381, 'unreserved'),
(11584, 24, 382, 'unreserved'),
(11585, 24, 383, 'unreserved'),
(11586, 24, 384, 'unreserved'),
(11587, 24, 385, 'unreserved'),
(11588, 24, 386, 'unreserved'),
(11589, 24, 387, 'unreserved'),
(11590, 24, 388, 'unreserved'),
(11591, 24, 389, 'unreserved'),
(11592, 24, 390, 'unreserved'),
(11593, 24, 391, 'unreserved'),
(11594, 24, 392, 'unreserved'),
(11595, 24, 393, 'unreserved'),
(11596, 24, 394, 'unreserved'),
(11597, 24, 395, 'unreserved'),
(11598, 24, 396, 'unreserved'),
(11599, 24, 397, 'unreserved'),
(11600, 24, 398, 'unreserved'),
(11601, 24, 399, 'unreserved'),
(11602, 24, 400, 'unreserved'),
(11603, 24, 401, 'unreserved'),
(11604, 24, 402, 'unreserved'),
(11605, 24, 403, 'unreserved'),
(11606, 24, 404, 'unreserved'),
(11607, 24, 405, 'unreserved'),
(11608, 24, 406, 'unreserved'),
(11609, 24, 407, 'unreserved'),
(11610, 24, 408, 'unreserved'),
(11611, 24, 409, 'unreserved'),
(11612, 24, 410, 'unreserved'),
(11613, 24, 411, 'unreserved'),
(11614, 24, 412, 'unreserved'),
(11615, 24, 413, 'unreserved'),
(11616, 24, 414, 'unreserved'),
(11617, 24, 415, 'unreserved'),
(11618, 24, 416, 'unreserved'),
(11619, 24, 417, 'unreserved'),
(11620, 24, 418, 'unreserved'),
(11621, 24, 419, 'unreserved'),
(11622, 24, 420, 'unreserved'),
(11623, 24, 421, 'unreserved'),
(11624, 24, 422, 'unreserved'),
(11625, 24, 423, 'unreserved'),
(11626, 24, 424, 'unreserved'),
(11627, 24, 425, 'unreserved'),
(11628, 24, 426, 'unreserved'),
(11629, 24, 427, 'unreserved'),
(11630, 24, 428, 'unreserved'),
(11631, 24, 429, 'unreserved'),
(11632, 24, 430, 'unreserved'),
(11633, 24, 431, 'unreserved'),
(11634, 24, 432, 'unreserved'),
(11635, 24, 433, 'unreserved'),
(11636, 24, 434, 'unreserved'),
(11637, 24, 435, 'unreserved'),
(11638, 24, 436, 'unreserved'),
(11639, 24, 437, 'unreserved'),
(11640, 24, 438, 'unreserved'),
(11641, 24, 439, 'unreserved'),
(11642, 24, 440, 'unreserved'),
(11643, 24, 441, 'unreserved'),
(11644, 24, 442, 'unreserved'),
(11645, 24, 443, 'unreserved'),
(11646, 24, 444, 'unreserved'),
(11647, 24, 445, 'unreserved'),
(11648, 24, 446, 'unreserved'),
(11649, 24, 447, 'unreserved'),
(11650, 24, 448, 'unreserved'),
(11651, 24, 449, 'unreserved'),
(11652, 24, 450, 'unreserved'),
(11653, 24, 451, 'unreserved'),
(11654, 24, 452, 'unreserved'),
(11655, 24, 453, 'unreserved'),
(11656, 24, 454, 'unreserved'),
(11657, 24, 455, 'unreserved'),
(11658, 24, 456, 'unreserved'),
(11659, 24, 457, 'unreserved'),
(11660, 24, 458, 'unreserved'),
(11661, 24, 459, 'unreserved'),
(11662, 24, 460, 'unreserved'),
(11663, 24, 461, 'unreserved'),
(11664, 24, 462, 'unreserved'),
(11665, 24, 463, 'unreserved'),
(11666, 24, 464, 'unreserved'),
(11667, 24, 465, 'unreserved'),
(11668, 24, 466, 'unreserved'),
(11669, 24, 467, 'unreserved'),
(11670, 24, 468, 'unreserved'),
(11671, 24, 469, 'unreserved'),
(11672, 24, 470, 'unreserved'),
(11673, 24, 471, 'unreserved'),
(11674, 24, 472, 'unreserved'),
(11675, 24, 473, 'unreserved'),
(11676, 24, 474, 'unreserved'),
(11677, 24, 475, 'unreserved'),
(11678, 24, 476, 'unreserved'),
(11679, 24, 477, 'unreserved'),
(11680, 24, 478, 'unreserved'),
(11681, 24, 479, 'unreserved'),
(11682, 24, 480, 'unreserved'),
(11683, 24, 481, 'unreserved'),
(11684, 24, 482, 'unreserved'),
(11685, 24, 483, 'unreserved'),
(11686, 24, 484, 'unreserved'),
(11687, 24, 485, 'unreserved'),
(11688, 24, 486, 'unreserved'),
(11689, 24, 487, 'unreserved'),
(11690, 24, 488, 'unreserved'),
(11691, 24, 489, 'unreserved'),
(11692, 24, 490, 'unreserved'),
(11693, 24, 491, 'unreserved'),
(11694, 24, 492, 'unreserved'),
(11695, 24, 493, 'unreserved'),
(11696, 24, 494, 'unreserved'),
(11697, 24, 495, 'unreserved'),
(11698, 24, 496, 'unreserved'),
(11699, 24, 497, 'unreserved'),
(11700, 24, 498, 'unreserved'),
(11701, 24, 499, 'unreserved'),
(11702, 24, 500, 'unreserved'),
(11703, 24, 501, 'unreserved'),
(11704, 24, 502, 'unreserved'),
(11705, 24, 503, 'unreserved'),
(11706, 24, 504, 'unreserved'),
(11707, 24, 505, 'unreserved'),
(11708, 24, 506, 'unreserved'),
(11709, 24, 507, 'unreserved'),
(11710, 24, 508, 'unreserved'),
(11711, 24, 509, 'unreserved'),
(11712, 24, 510, 'unreserved'),
(11713, 24, 511, 'unreserved'),
(11714, 24, 512, 'unreserved'),
(11715, 24, 513, 'unreserved'),
(11716, 24, 514, 'unreserved'),
(11717, 24, 515, 'unreserved'),
(11718, 24, 516, 'unreserved'),
(11719, 24, 517, 'unreserved'),
(11720, 24, 518, 'unreserved'),
(11721, 24, 519, 'unreserved'),
(11722, 24, 520, 'unreserved'),
(11723, 24, 521, 'unreserved'),
(11724, 24, 522, 'unreserved'),
(11725, 24, 523, 'unreserved'),
(11726, 24, 524, 'unreserved'),
(11727, 24, 525, 'unreserved'),
(11728, 24, 526, 'unreserved'),
(11729, 24, 527, 'unreserved'),
(11730, 24, 528, 'unreserved'),
(11731, 24, 529, 'unreserved'),
(11732, 24, 530, 'unreserved'),
(11733, 24, 531, 'unreserved'),
(11734, 24, 532, 'unreserved'),
(11735, 24, 533, 'unreserved'),
(11736, 24, 534, 'unreserved'),
(11737, 24, 535, 'unreserved'),
(11738, 24, 536, 'unreserved'),
(11739, 24, 537, 'unreserved'),
(11740, 24, 538, 'unreserved'),
(11741, 24, 539, 'unreserved'),
(11742, 24, 540, 'unreserved'),
(11743, 24, 541, 'unreserved'),
(11744, 24, 542, 'unreserved'),
(11745, 24, 543, 'unreserved'),
(11746, 24, 544, 'unreserved'),
(11747, 24, 545, 'unreserved'),
(11748, 24, 546, 'unreserved'),
(11749, 24, 547, 'unreserved'),
(11750, 24, 548, 'unreserved'),
(11751, 24, 549, 'unreserved'),
(11752, 24, 550, 'unreserved'),
(11753, 24, 551, 'unreserved'),
(11754, 24, 552, 'unreserved'),
(11755, 24, 553, 'unreserved'),
(11756, 24, 554, 'unreserved'),
(11757, 24, 555, 'unreserved'),
(11758, 24, 556, 'unreserved'),
(11759, 24, 557, 'unreserved'),
(11760, 24, 558, 'unreserved'),
(11761, 24, 559, 'unreserved'),
(11762, 24, 560, 'unreserved'),
(11763, 24, 561, 'unreserved'),
(11764, 24, 562, 'unreserved'),
(11765, 24, 563, 'unreserved'),
(11766, 24, 564, 'unreserved'),
(11767, 24, 565, 'unreserved'),
(11768, 24, 566, 'unreserved'),
(11769, 24, 567, 'unreserved'),
(11770, 24, 568, 'unreserved'),
(11771, 24, 569, 'unreserved'),
(11772, 24, 570, 'unreserved'),
(11773, 24, 571, 'unreserved'),
(11774, 24, 572, 'unreserved'),
(11775, 24, 573, 'unreserved'),
(11776, 24, 574, 'unreserved'),
(11777, 24, 575, 'unreserved'),
(11778, 24, 576, 'unreserved'),
(11779, 24, 577, 'unreserved'),
(11780, 24, 578, 'unreserved'),
(11781, 24, 579, 'unreserved'),
(11782, 24, 580, 'unreserved'),
(11783, 24, 581, 'unreserved'),
(11784, 24, 582, 'unreserved'),
(11785, 24, 583, 'unreserved'),
(11786, 24, 584, 'unreserved'),
(11787, 24, 585, 'unreserved'),
(11788, 24, 586, 'unreserved'),
(11789, 24, 587, 'unreserved'),
(11790, 24, 588, 'unreserved'),
(11791, 24, 589, 'unreserved'),
(11792, 24, 590, 'unreserved'),
(11793, 24, 591, 'unreserved'),
(11794, 24, 592, 'unreserved'),
(11795, 24, 593, 'unreserved'),
(11796, 24, 594, 'unreserved'),
(11797, 24, 595, 'unreserved'),
(11798, 24, 596, 'unreserved'),
(11799, 24, 597, 'unreserved'),
(11800, 24, 598, 'unreserved'),
(11801, 24, 599, 'unreserved'),
(11802, 24, 600, 'unreserved'),
(11803, 24, 601, 'unreserved'),
(11804, 24, 602, 'unreserved'),
(11805, 24, 603, 'unreserved'),
(11806, 24, 604, 'unreserved'),
(11807, 24, 605, 'unreserved'),
(11808, 24, 606, 'unreserved'),
(11809, 24, 607, 'unreserved'),
(11810, 24, 608, 'unreserved'),
(11811, 24, 609, 'unreserved'),
(11812, 24, 610, 'unreserved'),
(11813, 24, 611, 'unreserved'),
(11814, 24, 612, 'unreserved'),
(11815, 24, 613, 'unreserved'),
(11816, 24, 614, 'unreserved'),
(11817, 24, 615, 'unreserved'),
(11818, 24, 616, 'unreserved'),
(11819, 24, 617, 'unreserved'),
(11820, 24, 618, 'unreserved'),
(11821, 24, 619, 'unreserved'),
(11822, 24, 620, 'unreserved'),
(11823, 24, 621, 'unreserved'),
(11824, 24, 622, 'unreserved'),
(11825, 24, 623, 'unreserved'),
(11826, 24, 624, 'unreserved'),
(11827, 24, 625, 'unreserved'),
(11828, 24, 626, 'unreserved'),
(11829, 24, 627, 'unreserved'),
(11830, 24, 628, 'unreserved'),
(11831, 24, 629, 'unreserved'),
(11832, 24, 630, 'unreserved'),
(11833, 24, 631, 'unreserved'),
(11834, 24, 632, 'unreserved'),
(11835, 24, 633, 'unreserved'),
(11836, 24, 634, 'unreserved'),
(11837, 24, 635, 'unreserved'),
(11838, 24, 636, 'unreserved'),
(11839, 24, 637, 'unreserved'),
(11840, 24, 638, 'unreserved'),
(11841, 24, 639, 'unreserved'),
(11842, 24, 640, 'unreserved'),
(11843, 24, 641, 'unreserved'),
(11844, 24, 642, 'unreserved'),
(11845, 24, 643, 'unreserved'),
(11846, 24, 644, 'unreserved'),
(11847, 24, 645, 'unreserved'),
(11848, 24, 646, 'unreserved'),
(11849, 24, 647, 'unreserved'),
(11850, 24, 648, 'unreserved'),
(11851, 24, 649, 'unreserved'),
(11852, 24, 650, 'unreserved'),
(11853, 24, 651, 'unreserved'),
(11854, 24, 652, 'unreserved'),
(11855, 24, 653, 'unreserved'),
(11856, 24, 654, 'unreserved'),
(11857, 24, 655, 'unreserved'),
(11858, 24, 656, 'unreserved'),
(11859, 24, 657, 'unreserved'),
(11860, 24, 658, 'unreserved'),
(11861, 24, 659, 'unreserved'),
(11862, 24, 660, 'unreserved'),
(11863, 24, 661, 'unreserved'),
(11864, 24, 662, 'unreserved'),
(11865, 24, 663, 'unreserved'),
(11866, 24, 664, 'unreserved'),
(11867, 24, 665, 'unreserved'),
(11868, 24, 666, 'unreserved'),
(11869, 24, 667, 'unreserved'),
(11870, 24, 668, 'unreserved'),
(11871, 24, 669, 'unreserved'),
(11872, 24, 670, 'unreserved'),
(11873, 24, 671, 'unreserved'),
(11874, 24, 672, 'unreserved'),
(11875, 24, 673, 'unreserved'),
(11876, 24, 674, 'unreserved'),
(11877, 24, 675, 'unreserved'),
(11878, 24, 676, 'unreserved'),
(11879, 24, 677, 'unreserved'),
(11880, 24, 678, 'unreserved'),
(11881, 24, 679, 'unreserved'),
(11882, 24, 680, 'unreserved'),
(11883, 24, 681, 'unreserved'),
(11884, 24, 682, 'unreserved'),
(11885, 24, 683, 'unreserved'),
(11886, 24, 684, 'unreserved'),
(11887, 24, 685, 'unreserved'),
(11888, 24, 686, 'unreserved'),
(11889, 24, 687, 'unreserved'),
(11890, 24, 688, 'unreserved'),
(11891, 24, 689, 'unreserved'),
(11892, 24, 690, 'unreserved'),
(11893, 24, 691, 'unreserved'),
(11894, 24, 692, 'unreserved'),
(11895, 24, 693, 'unreserved'),
(11896, 24, 694, 'unreserved'),
(11897, 24, 695, 'unreserved'),
(11898, 24, 696, 'unreserved'),
(11899, 24, 697, 'unreserved'),
(11900, 24, 698, 'unreserved'),
(11901, 24, 699, 'unreserved'),
(11902, 24, 700, 'unreserved'),
(11903, 24, 701, 'unreserved'),
(11904, 24, 702, 'unreserved'),
(11905, 24, 703, 'unreserved'),
(11906, 24, 704, 'unreserved'),
(11907, 24, 705, 'unreserved'),
(11908, 24, 706, 'unreserved'),
(11909, 24, 707, 'unreserved'),
(11910, 24, 708, 'unreserved'),
(11911, 24, 709, 'unreserved'),
(11912, 24, 710, 'unreserved'),
(11913, 24, 711, 'unreserved'),
(11914, 24, 712, 'unreserved'),
(11915, 24, 713, 'unreserved'),
(11916, 24, 714, 'unreserved'),
(11917, 24, 715, 'unreserved'),
(11918, 24, 716, 'unreserved'),
(11919, 24, 717, 'unreserved'),
(11920, 24, 718, 'unreserved'),
(11921, 24, 719, 'unreserved'),
(11922, 24, 720, 'unreserved'),
(11923, 24, 721, 'unreserved'),
(11924, 24, 722, 'unreserved'),
(11925, 24, 723, 'unreserved'),
(11926, 24, 724, 'unreserved'),
(11927, 24, 725, 'unreserved'),
(11928, 24, 726, 'unreserved'),
(11929, 24, 727, 'unreserved'),
(11930, 24, 728, 'unreserved'),
(11931, 24, 729, 'unreserved'),
(11932, 24, 730, 'unreserved'),
(11933, 24, 731, 'unreserved'),
(11934, 24, 732, 'unreserved'),
(11935, 24, 733, 'unreserved'),
(11936, 24, 734, 'unreserved'),
(11937, 24, 735, 'unreserved'),
(11938, 24, 736, 'unreserved'),
(11939, 24, 737, 'unreserved'),
(11940, 24, 738, 'unreserved'),
(11941, 24, 739, 'unreserved'),
(11942, 24, 740, 'unreserved'),
(11943, 24, 741, 'unreserved'),
(11944, 24, 742, 'unreserved'),
(11945, 24, 743, 'unreserved'),
(11946, 24, 744, 'unreserved'),
(11947, 24, 745, 'unreserved'),
(11948, 24, 746, 'unreserved'),
(11949, 24, 747, 'unreserved'),
(11950, 24, 748, 'unreserved'),
(11951, 24, 749, 'unreserved'),
(11952, 24, 750, 'unreserved'),
(11953, 24, 751, 'unreserved'),
(11954, 24, 752, 'unreserved'),
(11955, 24, 753, 'unreserved'),
(11956, 24, 754, 'unreserved'),
(11957, 24, 755, 'unreserved'),
(11958, 24, 756, 'unreserved'),
(11959, 24, 757, 'unreserved'),
(11960, 24, 758, 'unreserved'),
(11961, 24, 759, 'unreserved'),
(11962, 24, 760, 'unreserved'),
(11963, 24, 761, 'unreserved'),
(11964, 24, 762, 'unreserved'),
(11965, 24, 763, 'unreserved'),
(11966, 24, 764, 'unreserved'),
(11967, 24, 765, 'unreserved'),
(11968, 24, 766, 'unreserved'),
(11969, 24, 767, 'unreserved'),
(11970, 24, 768, 'unreserved'),
(11971, 24, 769, 'unreserved'),
(11972, 24, 770, 'unreserved'),
(11973, 24, 771, 'unreserved'),
(11974, 24, 772, 'unreserved'),
(11975, 24, 773, 'unreserved'),
(11976, 24, 774, 'unreserved'),
(11977, 24, 775, 'unreserved'),
(11978, 24, 776, 'unreserved'),
(11979, 24, 777, 'unreserved'),
(11980, 24, 778, 'unreserved'),
(11981, 24, 779, 'unreserved'),
(11982, 24, 780, 'unreserved'),
(11983, 24, 781, 'unreserved'),
(11984, 24, 782, 'unreserved'),
(11985, 24, 783, 'unreserved'),
(11986, 24, 784, 'unreserved'),
(11987, 24, 785, 'unreserved'),
(11988, 24, 786, 'unreserved'),
(11989, 24, 787, 'unreserved'),
(11990, 24, 788, 'unreserved'),
(11991, 24, 789, 'unreserved'),
(11992, 24, 790, 'unreserved'),
(11993, 24, 791, 'unreserved'),
(11994, 24, 792, 'unreserved'),
(11995, 24, 793, 'unreserved'),
(11996, 24, 794, 'unreserved'),
(11997, 24, 795, 'unreserved'),
(11998, 24, 796, 'unreserved'),
(11999, 24, 797, 'unreserved'),
(12000, 24, 798, 'unreserved'),
(12001, 24, 799, 'unreserved'),
(12002, 24, 800, 'unreserved'),
(12003, 25, 1, 'unreserved'),
(12004, 25, 2, 'unreserved'),
(12005, 25, 3, 'unreserved'),
(12006, 25, 4, 'unreserved'),
(12007, 25, 5, 'unreserved'),
(12008, 25, 6, 'unreserved'),
(12009, 25, 7, 'unreserved'),
(12010, 25, 8, 'unreserved'),
(12011, 25, 9, 'unreserved'),
(12012, 25, 10, 'unreserved'),
(12013, 25, 11, 'unreserved'),
(12014, 25, 12, 'unreserved'),
(12015, 25, 13, 'unreserved'),
(12016, 25, 14, 'unreserved'),
(12017, 25, 15, 'unreserved'),
(12018, 25, 16, 'unreserved'),
(12019, 25, 17, 'unreserved'),
(12020, 25, 18, 'unreserved'),
(12021, 25, 19, 'unreserved'),
(12022, 25, 20, 'unreserved'),
(12023, 25, 21, 'unreserved'),
(12024, 25, 22, 'unreserved'),
(12025, 25, 23, 'unreserved'),
(12026, 25, 24, 'unreserved'),
(12027, 25, 25, 'unreserved'),
(12028, 25, 26, 'unreserved'),
(12029, 25, 27, 'unreserved'),
(12030, 25, 28, 'unreserved'),
(12031, 25, 29, 'unreserved'),
(12032, 25, 30, 'unreserved'),
(12033, 25, 31, 'unreserved'),
(12034, 25, 32, 'unreserved'),
(12035, 25, 33, 'unreserved'),
(12036, 25, 34, 'unreserved'),
(12037, 25, 35, 'unreserved'),
(12038, 25, 36, 'unreserved'),
(12039, 25, 37, 'unreserved'),
(12040, 25, 38, 'unreserved'),
(12041, 25, 39, 'unreserved'),
(12042, 25, 40, 'unreserved'),
(12043, 25, 41, 'unreserved'),
(12044, 25, 42, 'unreserved'),
(12045, 25, 43, 'unreserved'),
(12046, 25, 44, 'unreserved'),
(12047, 25, 45, 'unreserved'),
(12048, 25, 46, 'unreserved'),
(12049, 25, 47, 'unreserved'),
(12050, 25, 48, 'unreserved'),
(12051, 25, 49, 'unreserved'),
(12052, 25, 50, 'unreserved'),
(12053, 25, 51, 'unreserved'),
(12054, 25, 52, 'unreserved'),
(12055, 25, 53, 'unreserved'),
(12056, 25, 54, 'unreserved'),
(12057, 25, 55, 'unreserved'),
(12058, 25, 56, 'unreserved'),
(12059, 25, 57, 'unreserved'),
(12060, 25, 58, 'unreserved'),
(12061, 25, 59, 'unreserved'),
(12062, 25, 60, 'unreserved'),
(12063, 25, 61, 'unreserved'),
(12064, 25, 62, 'unreserved'),
(12065, 25, 63, 'unreserved'),
(12066, 25, 64, 'unreserved'),
(12067, 25, 65, 'unreserved'),
(12068, 25, 66, 'unreserved'),
(12069, 25, 67, 'unreserved'),
(12070, 25, 68, 'unreserved'),
(12071, 25, 69, 'unreserved'),
(12072, 25, 70, 'unreserved'),
(12073, 25, 71, 'unreserved'),
(12074, 25, 72, 'unreserved'),
(12075, 25, 73, 'unreserved'),
(12076, 25, 74, 'unreserved'),
(12077, 25, 75, 'unreserved'),
(12078, 25, 76, 'unreserved'),
(12079, 25, 77, 'unreserved'),
(12080, 25, 78, 'unreserved'),
(12081, 25, 79, 'unreserved'),
(12082, 25, 80, 'unreserved'),
(12083, 25, 81, 'unreserved'),
(12084, 25, 82, 'unreserved'),
(12085, 25, 83, 'unreserved'),
(12086, 25, 84, 'unreserved'),
(12087, 25, 85, 'unreserved'),
(12088, 25, 86, 'unreserved'),
(12089, 25, 87, 'unreserved'),
(12090, 25, 88, 'unreserved'),
(12091, 25, 89, 'unreserved'),
(12092, 25, 90, 'unreserved'),
(12093, 25, 91, 'unreserved'),
(12094, 25, 92, 'unreserved'),
(12095, 25, 93, 'unreserved'),
(12096, 25, 94, 'unreserved'),
(12097, 25, 95, 'unreserved'),
(12098, 25, 96, 'unreserved'),
(12099, 25, 97, 'unreserved'),
(12100, 25, 98, 'unreserved'),
(12101, 25, 99, 'unreserved'),
(12102, 25, 100, 'unreserved'),
(12103, 25, 101, 'unreserved'),
(12104, 25, 102, 'unreserved'),
(12105, 25, 103, 'unreserved'),
(12106, 25, 104, 'unreserved'),
(12107, 25, 105, 'unreserved'),
(12108, 25, 106, 'unreserved'),
(12109, 25, 107, 'unreserved'),
(12110, 25, 108, 'unreserved'),
(12111, 25, 109, 'unreserved'),
(12112, 25, 110, 'unreserved'),
(12113, 25, 111, 'unreserved'),
(12114, 25, 112, 'unreserved'),
(12115, 25, 113, 'unreserved'),
(12116, 25, 114, 'unreserved'),
(12117, 25, 115, 'unreserved'),
(12118, 25, 116, 'unreserved'),
(12119, 25, 117, 'unreserved'),
(12120, 25, 118, 'unreserved'),
(12121, 25, 119, 'unreserved'),
(12122, 25, 120, 'unreserved'),
(12123, 25, 121, 'unreserved'),
(12124, 25, 122, 'unreserved'),
(12125, 25, 123, 'unreserved'),
(12126, 25, 124, 'unreserved'),
(12127, 25, 125, 'unreserved'),
(12128, 25, 126, 'unreserved'),
(12129, 25, 127, 'unreserved'),
(12130, 25, 128, 'unreserved'),
(12131, 25, 129, 'unreserved'),
(12132, 25, 130, 'unreserved'),
(12133, 25, 131, 'unreserved'),
(12134, 25, 132, 'unreserved'),
(12135, 25, 133, 'unreserved'),
(12136, 25, 134, 'unreserved'),
(12137, 25, 135, 'unreserved'),
(12138, 25, 136, 'unreserved'),
(12139, 25, 137, 'unreserved'),
(12140, 25, 138, 'unreserved'),
(12141, 25, 139, 'unreserved'),
(12142, 25, 140, 'unreserved'),
(12143, 25, 141, 'unreserved'),
(12144, 25, 142, 'unreserved'),
(12145, 25, 143, 'unreserved'),
(12146, 25, 144, 'unreserved'),
(12147, 25, 145, 'unreserved'),
(12148, 25, 146, 'unreserved'),
(12149, 25, 147, 'unreserved'),
(12150, 25, 148, 'unreserved'),
(12151, 25, 149, 'unreserved'),
(12152, 25, 150, 'unreserved'),
(12153, 25, 151, 'unreserved'),
(12154, 25, 152, 'unreserved'),
(12155, 25, 153, 'unreserved'),
(12156, 25, 154, 'unreserved'),
(12157, 25, 155, 'unreserved'),
(12158, 25, 156, 'unreserved'),
(12159, 25, 157, 'unreserved'),
(12160, 25, 158, 'unreserved'),
(12161, 25, 159, 'unreserved'),
(12162, 25, 160, 'unreserved'),
(12163, 25, 161, 'unreserved'),
(12164, 25, 162, 'unreserved'),
(12165, 25, 163, 'unreserved'),
(12166, 25, 164, 'unreserved'),
(12167, 25, 165, 'unreserved'),
(12168, 25, 166, 'unreserved'),
(12169, 25, 167, 'unreserved'),
(12170, 25, 168, 'unreserved'),
(12171, 25, 169, 'unreserved'),
(12172, 25, 170, 'unreserved'),
(12173, 25, 171, 'unreserved'),
(12174, 25, 172, 'unreserved'),
(12175, 25, 173, 'unreserved'),
(12176, 25, 174, 'unreserved'),
(12177, 25, 175, 'unreserved'),
(12178, 25, 176, 'unreserved'),
(12179, 25, 177, 'unreserved'),
(12180, 25, 178, 'unreserved'),
(12181, 25, 179, 'unreserved'),
(12182, 25, 180, 'unreserved'),
(12183, 25, 181, 'unreserved'),
(12184, 25, 182, 'unreserved'),
(12185, 25, 183, 'unreserved'),
(12186, 25, 184, 'unreserved'),
(12187, 25, 185, 'unreserved'),
(12188, 25, 186, 'unreserved'),
(12189, 25, 187, 'unreserved'),
(12190, 25, 188, 'unreserved'),
(12191, 25, 189, 'unreserved'),
(12192, 25, 190, 'unreserved'),
(12193, 25, 191, 'unreserved'),
(12194, 25, 192, 'unreserved'),
(12195, 25, 193, 'unreserved'),
(12196, 25, 194, 'unreserved'),
(12197, 25, 195, 'unreserved'),
(12198, 25, 196, 'unreserved'),
(12199, 25, 197, 'unreserved'),
(12200, 25, 198, 'unreserved'),
(12201, 25, 199, 'unreserved'),
(12202, 25, 200, 'unreserved'),
(12203, 25, 201, 'unreserved'),
(12204, 25, 202, 'unreserved'),
(12205, 25, 203, 'unreserved'),
(12206, 25, 204, 'unreserved'),
(12207, 25, 205, 'unreserved'),
(12208, 25, 206, 'unreserved'),
(12209, 25, 207, 'unreserved'),
(12210, 25, 208, 'unreserved'),
(12211, 25, 209, 'unreserved'),
(12212, 25, 210, 'unreserved'),
(12213, 25, 211, 'unreserved'),
(12214, 25, 212, 'unreserved'),
(12215, 25, 213, 'unreserved'),
(12216, 25, 214, 'unreserved'),
(12217, 25, 215, 'unreserved'),
(12218, 25, 216, 'unreserved'),
(12219, 25, 217, 'unreserved'),
(12220, 25, 218, 'unreserved'),
(12221, 25, 219, 'unreserved'),
(12222, 25, 220, 'unreserved'),
(12223, 25, 221, 'unreserved'),
(12224, 25, 222, 'unreserved'),
(12225, 25, 223, 'unreserved'),
(12226, 25, 224, 'unreserved'),
(12227, 25, 225, 'unreserved'),
(12228, 25, 226, 'unreserved'),
(12229, 25, 227, 'unreserved'),
(12230, 25, 228, 'unreserved'),
(12231, 25, 229, 'unreserved'),
(12232, 25, 230, 'unreserved'),
(12233, 25, 231, 'unreserved'),
(12234, 25, 232, 'unreserved'),
(12235, 25, 233, 'unreserved'),
(12236, 25, 234, 'unreserved'),
(12237, 25, 235, 'unreserved'),
(12238, 25, 236, 'unreserved'),
(12239, 25, 237, 'unreserved'),
(12240, 25, 238, 'unreserved'),
(12241, 25, 239, 'unreserved'),
(12242, 25, 240, 'unreserved'),
(12243, 25, 241, 'unreserved'),
(12244, 25, 242, 'unreserved'),
(12245, 25, 243, 'unreserved'),
(12246, 25, 244, 'unreserved'),
(12247, 25, 245, 'unreserved'),
(12248, 25, 246, 'unreserved'),
(12249, 25, 247, 'unreserved'),
(12250, 25, 248, 'unreserved'),
(12251, 25, 249, 'unreserved'),
(12252, 25, 250, 'unreserved'),
(12253, 25, 251, 'unreserved'),
(12254, 25, 252, 'unreserved'),
(12255, 25, 253, 'unreserved'),
(12256, 25, 254, 'unreserved'),
(12257, 25, 255, 'unreserved'),
(12258, 25, 256, 'unreserved'),
(12259, 25, 257, 'unreserved'),
(12260, 25, 258, 'unreserved'),
(12261, 25, 259, 'unreserved'),
(12262, 25, 260, 'unreserved'),
(12263, 25, 261, 'unreserved'),
(12264, 25, 262, 'unreserved'),
(12265, 25, 263, 'unreserved'),
(12266, 25, 264, 'unreserved'),
(12267, 25, 265, 'unreserved'),
(12268, 25, 266, 'unreserved'),
(12269, 25, 267, 'unreserved'),
(12270, 25, 268, 'unreserved'),
(12271, 25, 269, 'unreserved'),
(12272, 25, 270, 'unreserved'),
(12273, 25, 271, 'unreserved'),
(12274, 25, 272, 'unreserved'),
(12275, 25, 273, 'unreserved'),
(12276, 25, 274, 'unreserved'),
(12277, 25, 275, 'unreserved'),
(12278, 25, 276, 'unreserved'),
(12279, 25, 277, 'unreserved'),
(12280, 25, 278, 'unreserved'),
(12281, 25, 279, 'unreserved'),
(12282, 25, 280, 'unreserved'),
(12283, 25, 281, 'unreserved'),
(12284, 25, 282, 'unreserved'),
(12285, 25, 283, 'unreserved'),
(12286, 25, 284, 'unreserved'),
(12287, 25, 285, 'unreserved'),
(12288, 25, 286, 'unreserved'),
(12289, 25, 287, 'unreserved'),
(12290, 25, 288, 'unreserved'),
(12291, 25, 289, 'unreserved'),
(12292, 25, 290, 'unreserved'),
(12293, 25, 291, 'unreserved'),
(12294, 25, 292, 'unreserved'),
(12295, 25, 293, 'unreserved'),
(12296, 25, 294, 'unreserved'),
(12297, 25, 295, 'unreserved'),
(12298, 25, 296, 'unreserved'),
(12299, 25, 297, 'unreserved'),
(12300, 25, 298, 'unreserved'),
(12301, 25, 299, 'unreserved'),
(12302, 25, 300, 'unreserved'),
(12303, 25, 301, 'unreserved'),
(12304, 25, 302, 'unreserved'),
(12305, 25, 303, 'unreserved'),
(12306, 25, 304, 'unreserved'),
(12307, 25, 305, 'unreserved'),
(12308, 25, 306, 'unreserved'),
(12309, 25, 307, 'unreserved'),
(12310, 25, 308, 'unreserved'),
(12311, 25, 309, 'unreserved'),
(12312, 25, 310, 'unreserved'),
(12313, 25, 311, 'unreserved'),
(12314, 25, 312, 'unreserved'),
(12315, 25, 313, 'unreserved'),
(12316, 25, 314, 'unreserved'),
(12317, 25, 315, 'unreserved'),
(12318, 25, 316, 'unreserved'),
(12319, 25, 317, 'unreserved'),
(12320, 25, 318, 'unreserved'),
(12321, 25, 319, 'unreserved'),
(12322, 25, 320, 'unreserved'),
(12323, 25, 321, 'unreserved'),
(12324, 25, 322, 'unreserved'),
(12325, 25, 323, 'unreserved'),
(12326, 25, 324, 'unreserved'),
(12327, 25, 325, 'unreserved'),
(12328, 25, 326, 'unreserved'),
(12329, 25, 327, 'unreserved'),
(12330, 25, 328, 'unreserved'),
(12331, 25, 329, 'unreserved'),
(12332, 25, 330, 'unreserved'),
(12333, 25, 331, 'unreserved'),
(12334, 25, 332, 'unreserved'),
(12335, 25, 333, 'unreserved'),
(12336, 25, 334, 'unreserved'),
(12337, 25, 335, 'unreserved'),
(12338, 25, 336, 'unreserved'),
(12339, 25, 337, 'unreserved'),
(12340, 25, 338, 'unreserved'),
(12341, 25, 339, 'unreserved'),
(12342, 25, 340, 'unreserved'),
(12343, 25, 341, 'unreserved'),
(12344, 25, 342, 'unreserved'),
(12345, 25, 343, 'unreserved'),
(12346, 25, 344, 'unreserved'),
(12347, 25, 345, 'unreserved'),
(12348, 25, 346, 'unreserved'),
(12349, 25, 347, 'unreserved'),
(12350, 25, 348, 'unreserved'),
(12351, 25, 349, 'unreserved'),
(12352, 25, 350, 'unreserved'),
(12353, 25, 351, 'unreserved'),
(12354, 25, 352, 'unreserved'),
(12355, 25, 353, 'unreserved'),
(12356, 25, 354, 'unreserved'),
(12357, 25, 355, 'unreserved'),
(12358, 25, 356, 'unreserved'),
(12359, 25, 357, 'unreserved'),
(12360, 25, 358, 'unreserved'),
(12361, 25, 359, 'unreserved'),
(12362, 25, 360, 'unreserved'),
(12363, 25, 361, 'unreserved'),
(12364, 25, 362, 'unreserved'),
(12365, 25, 363, 'unreserved'),
(12366, 25, 364, 'unreserved'),
(12367, 25, 365, 'unreserved'),
(12368, 25, 366, 'unreserved'),
(12369, 25, 367, 'unreserved'),
(12370, 25, 368, 'unreserved'),
(12371, 25, 369, 'unreserved'),
(12372, 25, 370, 'unreserved'),
(12373, 25, 371, 'unreserved'),
(12374, 25, 372, 'unreserved'),
(12375, 25, 373, 'unreserved'),
(12376, 25, 374, 'unreserved'),
(12377, 25, 375, 'unreserved'),
(12378, 25, 376, 'unreserved'),
(12379, 25, 377, 'unreserved'),
(12380, 25, 378, 'unreserved'),
(12381, 25, 379, 'unreserved'),
(12382, 25, 380, 'unreserved'),
(12383, 25, 381, 'unreserved'),
(12384, 25, 382, 'unreserved'),
(12385, 25, 383, 'unreserved'),
(12386, 25, 384, 'unreserved'),
(12387, 25, 385, 'unreserved'),
(12388, 25, 386, 'unreserved'),
(12389, 25, 387, 'unreserved'),
(12390, 25, 388, 'unreserved'),
(12391, 25, 389, 'unreserved'),
(12392, 25, 390, 'unreserved'),
(12393, 25, 391, 'unreserved'),
(12394, 25, 392, 'unreserved'),
(12395, 25, 393, 'unreserved'),
(12396, 25, 394, 'unreserved'),
(12397, 25, 395, 'unreserved'),
(12398, 25, 396, 'unreserved'),
(12399, 25, 397, 'unreserved'),
(12400, 25, 398, 'unreserved'),
(12401, 25, 399, 'unreserved'),
(12402, 25, 400, 'unreserved'),
(12403, 25, 401, 'unreserved'),
(12404, 25, 402, 'unreserved'),
(12405, 25, 403, 'unreserved'),
(12406, 25, 404, 'unreserved'),
(12407, 25, 405, 'unreserved'),
(12408, 25, 406, 'unreserved'),
(12409, 25, 407, 'unreserved'),
(12410, 25, 408, 'unreserved'),
(12411, 25, 409, 'unreserved'),
(12412, 25, 410, 'unreserved'),
(12413, 25, 411, 'unreserved'),
(12414, 25, 412, 'unreserved'),
(12415, 25, 413, 'unreserved'),
(12416, 25, 414, 'unreserved'),
(12417, 25, 415, 'unreserved'),
(12418, 25, 416, 'unreserved'),
(12419, 25, 417, 'unreserved'),
(12420, 25, 418, 'unreserved'),
(12421, 25, 419, 'unreserved'),
(12422, 25, 420, 'unreserved'),
(12423, 25, 421, 'unreserved'),
(12424, 25, 422, 'unreserved'),
(12425, 25, 423, 'unreserved'),
(12426, 25, 424, 'unreserved'),
(12427, 25, 425, 'unreserved'),
(12428, 25, 426, 'unreserved'),
(12429, 25, 427, 'unreserved'),
(12430, 25, 428, 'unreserved'),
(12431, 25, 429, 'unreserved'),
(12432, 25, 430, 'unreserved'),
(12433, 25, 431, 'unreserved'),
(12434, 25, 432, 'unreserved'),
(12435, 25, 433, 'unreserved'),
(12436, 25, 434, 'unreserved'),
(12437, 25, 435, 'unreserved'),
(12438, 25, 436, 'unreserved'),
(12439, 25, 437, 'unreserved'),
(12440, 25, 438, 'unreserved'),
(12441, 25, 439, 'unreserved'),
(12442, 25, 440, 'unreserved'),
(12443, 25, 441, 'unreserved'),
(12444, 25, 442, 'unreserved'),
(12445, 25, 443, 'unreserved'),
(12446, 25, 444, 'unreserved'),
(12447, 25, 445, 'unreserved'),
(12448, 25, 446, 'unreserved'),
(12449, 25, 447, 'unreserved'),
(12450, 25, 448, 'unreserved'),
(12451, 25, 449, 'unreserved'),
(12452, 25, 450, 'unreserved'),
(12453, 25, 451, 'unreserved'),
(12454, 25, 452, 'unreserved'),
(12455, 25, 453, 'unreserved'),
(12456, 25, 454, 'unreserved'),
(12457, 25, 455, 'unreserved'),
(12458, 25, 456, 'unreserved'),
(12459, 25, 457, 'unreserved'),
(12460, 25, 458, 'unreserved'),
(12461, 25, 459, 'unreserved'),
(12462, 25, 460, 'unreserved'),
(12463, 25, 461, 'unreserved'),
(12464, 25, 462, 'unreserved'),
(12465, 25, 463, 'unreserved'),
(12466, 25, 464, 'unreserved'),
(12467, 25, 465, 'unreserved'),
(12468, 25, 466, 'unreserved'),
(12469, 25, 467, 'unreserved'),
(12470, 25, 468, 'unreserved'),
(12471, 25, 469, 'unreserved'),
(12472, 25, 470, 'unreserved'),
(12473, 25, 471, 'unreserved'),
(12474, 25, 472, 'unreserved'),
(12475, 25, 473, 'unreserved'),
(12476, 25, 474, 'unreserved'),
(12477, 25, 475, 'unreserved'),
(12478, 25, 476, 'unreserved'),
(12479, 25, 477, 'unreserved'),
(12480, 25, 478, 'unreserved'),
(12481, 25, 479, 'unreserved'),
(12482, 25, 480, 'unreserved'),
(12483, 25, 481, 'unreserved'),
(12484, 25, 482, 'unreserved'),
(12485, 25, 483, 'unreserved'),
(12486, 25, 484, 'unreserved'),
(12487, 25, 485, 'unreserved'),
(12488, 25, 486, 'unreserved'),
(12489, 25, 487, 'unreserved'),
(12490, 25, 488, 'unreserved'),
(12491, 25, 489, 'unreserved'),
(12492, 25, 490, 'unreserved'),
(12493, 25, 491, 'unreserved'),
(12494, 25, 492, 'unreserved'),
(12495, 25, 493, 'unreserved'),
(12496, 25, 494, 'unreserved'),
(12497, 25, 495, 'unreserved'),
(12498, 25, 496, 'unreserved'),
(12499, 25, 497, 'unreserved'),
(12500, 25, 498, 'unreserved'),
(12501, 25, 499, 'unreserved'),
(12502, 25, 500, 'unreserved'),
(12503, 25, 501, 'unreserved'),
(12504, 25, 502, 'unreserved'),
(12505, 25, 503, 'unreserved'),
(12506, 25, 504, 'unreserved'),
(12507, 25, 505, 'unreserved'),
(12508, 25, 506, 'unreserved'),
(12509, 25, 507, 'unreserved'),
(12510, 25, 508, 'unreserved'),
(12511, 25, 509, 'unreserved'),
(12512, 25, 510, 'unreserved'),
(12513, 25, 511, 'unreserved'),
(12514, 25, 512, 'unreserved'),
(12515, 25, 513, 'unreserved'),
(12516, 25, 514, 'unreserved'),
(12517, 25, 515, 'unreserved'),
(12518, 25, 516, 'unreserved'),
(12519, 25, 517, 'unreserved'),
(12520, 25, 518, 'unreserved'),
(12521, 25, 519, 'unreserved'),
(12522, 25, 520, 'unreserved'),
(12523, 25, 521, 'unreserved'),
(12524, 25, 522, 'unreserved'),
(12525, 25, 523, 'unreserved'),
(12526, 25, 524, 'unreserved'),
(12527, 25, 525, 'unreserved'),
(12528, 25, 526, 'unreserved'),
(12529, 25, 527, 'unreserved'),
(12530, 25, 528, 'unreserved'),
(12531, 25, 529, 'unreserved'),
(12532, 25, 530, 'unreserved'),
(12533, 25, 531, 'unreserved'),
(12534, 25, 532, 'unreserved'),
(12535, 25, 533, 'unreserved'),
(12536, 25, 534, 'unreserved'),
(12537, 25, 535, 'unreserved'),
(12538, 25, 536, 'unreserved'),
(12539, 25, 537, 'unreserved'),
(12540, 25, 538, 'unreserved'),
(12541, 25, 539, 'unreserved'),
(12542, 25, 540, 'unreserved'),
(12543, 25, 541, 'unreserved'),
(12544, 25, 542, 'unreserved'),
(12545, 25, 543, 'unreserved'),
(12546, 25, 544, 'unreserved'),
(12547, 25, 545, 'unreserved'),
(12548, 25, 546, 'unreserved'),
(12549, 25, 547, 'unreserved'),
(12550, 25, 548, 'unreserved'),
(12551, 25, 549, 'unreserved'),
(12552, 25, 550, 'unreserved'),
(12553, 25, 551, 'unreserved'),
(12554, 25, 552, 'unreserved'),
(12555, 25, 553, 'unreserved'),
(12556, 25, 554, 'unreserved'),
(12557, 25, 555, 'unreserved'),
(12558, 25, 556, 'unreserved'),
(12559, 25, 557, 'unreserved'),
(12560, 25, 558, 'unreserved'),
(12561, 25, 559, 'unreserved'),
(12562, 25, 560, 'unreserved'),
(12563, 25, 561, 'unreserved'),
(12564, 25, 562, 'unreserved'),
(12565, 25, 563, 'unreserved'),
(12566, 25, 564, 'unreserved'),
(12567, 25, 565, 'unreserved'),
(12568, 25, 566, 'unreserved'),
(12569, 25, 567, 'unreserved'),
(12570, 25, 568, 'unreserved'),
(12571, 25, 569, 'unreserved'),
(12572, 25, 570, 'unreserved'),
(12573, 25, 571, 'unreserved'),
(12574, 25, 572, 'unreserved'),
(12575, 25, 573, 'unreserved'),
(12576, 25, 574, 'unreserved'),
(12577, 25, 575, 'unreserved'),
(12578, 25, 576, 'unreserved'),
(12579, 25, 577, 'unreserved'),
(12580, 25, 578, 'unreserved'),
(12581, 25, 579, 'unreserved'),
(12582, 25, 580, 'unreserved'),
(12583, 25, 581, 'unreserved'),
(12584, 25, 582, 'unreserved'),
(12585, 25, 583, 'unreserved'),
(12586, 25, 584, 'unreserved'),
(12587, 25, 585, 'unreserved'),
(12588, 25, 586, 'unreserved'),
(12589, 25, 587, 'unreserved'),
(12590, 25, 588, 'unreserved'),
(12591, 25, 589, 'unreserved'),
(12592, 25, 590, 'unreserved'),
(12593, 25, 591, 'unreserved'),
(12594, 25, 592, 'unreserved'),
(12595, 25, 593, 'unreserved'),
(12596, 25, 594, 'unreserved'),
(12597, 25, 595, 'unreserved'),
(12598, 25, 596, 'unreserved'),
(12599, 25, 597, 'unreserved'),
(12600, 25, 598, 'unreserved'),
(12601, 25, 599, 'unreserved'),
(12602, 25, 600, 'unreserved'),
(12603, 25, 601, 'unreserved'),
(12604, 25, 602, 'unreserved'),
(12605, 25, 603, 'unreserved'),
(12606, 25, 604, 'unreserved'),
(12607, 25, 605, 'unreserved'),
(12608, 25, 606, 'unreserved'),
(12609, 25, 607, 'unreserved'),
(12610, 25, 608, 'unreserved'),
(12611, 25, 609, 'unreserved'),
(12612, 25, 610, 'unreserved'),
(12613, 25, 611, 'unreserved'),
(12614, 25, 612, 'unreserved'),
(12615, 25, 613, 'unreserved'),
(12616, 25, 614, 'unreserved'),
(12617, 25, 615, 'unreserved'),
(12618, 25, 616, 'unreserved'),
(12619, 25, 617, 'unreserved'),
(12620, 25, 618, 'unreserved'),
(12621, 25, 619, 'unreserved'),
(12622, 25, 620, 'unreserved'),
(12623, 25, 621, 'unreserved'),
(12624, 25, 622, 'unreserved'),
(12625, 25, 623, 'unreserved'),
(12626, 25, 624, 'unreserved'),
(12627, 25, 625, 'unreserved'),
(12628, 25, 626, 'unreserved'),
(12629, 25, 627, 'unreserved'),
(12630, 25, 628, 'unreserved'),
(12631, 25, 629, 'unreserved'),
(12632, 25, 630, 'unreserved'),
(12633, 25, 631, 'unreserved'),
(12634, 25, 632, 'unreserved'),
(12635, 25, 633, 'unreserved'),
(12636, 25, 634, 'unreserved'),
(12637, 25, 635, 'unreserved'),
(12638, 25, 636, 'unreserved'),
(12639, 25, 637, 'unreserved'),
(12640, 25, 638, 'unreserved'),
(12641, 25, 639, 'unreserved'),
(12642, 25, 640, 'unreserved'),
(12643, 25, 641, 'unreserved'),
(12644, 25, 642, 'unreserved'),
(12645, 25, 643, 'unreserved'),
(12646, 25, 644, 'unreserved'),
(12647, 25, 645, 'unreserved'),
(12648, 25, 646, 'unreserved'),
(12649, 25, 647, 'unreserved'),
(12650, 25, 648, 'unreserved'),
(12651, 25, 649, 'unreserved'),
(12652, 25, 650, 'unreserved'),
(12653, 25, 651, 'unreserved'),
(12654, 25, 652, 'unreserved'),
(12655, 25, 653, 'unreserved'),
(12656, 25, 654, 'unreserved'),
(12657, 25, 655, 'unreserved'),
(12658, 25, 656, 'unreserved'),
(12659, 25, 657, 'unreserved'),
(12660, 25, 658, 'unreserved'),
(12661, 25, 659, 'unreserved'),
(12662, 25, 660, 'unreserved'),
(12663, 25, 661, 'unreserved'),
(12664, 25, 662, 'unreserved'),
(12665, 25, 663, 'unreserved'),
(12666, 25, 664, 'unreserved'),
(12667, 25, 665, 'unreserved'),
(12668, 25, 666, 'unreserved'),
(12669, 25, 667, 'unreserved'),
(12670, 25, 668, 'unreserved'),
(12671, 25, 669, 'unreserved'),
(12672, 25, 670, 'unreserved'),
(12673, 25, 671, 'unreserved'),
(12674, 25, 672, 'unreserved'),
(12675, 25, 673, 'unreserved'),
(12676, 25, 674, 'unreserved'),
(12677, 25, 675, 'unreserved'),
(12678, 25, 676, 'unreserved'),
(12679, 25, 677, 'unreserved'),
(12680, 25, 678, 'unreserved'),
(12681, 25, 679, 'unreserved'),
(12682, 25, 680, 'unreserved'),
(12683, 25, 681, 'unreserved'),
(12684, 25, 682, 'unreserved'),
(12685, 25, 683, 'unreserved'),
(12686, 25, 684, 'unreserved'),
(12687, 25, 685, 'unreserved'),
(12688, 25, 686, 'unreserved'),
(12689, 25, 687, 'unreserved'),
(12690, 25, 688, 'unreserved'),
(12691, 25, 689, 'unreserved'),
(12692, 25, 690, 'unreserved'),
(12693, 25, 691, 'unreserved'),
(12694, 25, 692, 'unreserved'),
(12695, 25, 693, 'unreserved'),
(12696, 25, 694, 'unreserved'),
(12697, 25, 695, 'unreserved'),
(12698, 25, 696, 'unreserved'),
(12699, 25, 697, 'unreserved'),
(12700, 25, 698, 'unreserved'),
(12701, 25, 699, 'unreserved'),
(12702, 25, 700, 'unreserved'),
(12703, 25, 701, 'unreserved'),
(12704, 25, 702, 'unreserved'),
(12705, 25, 703, 'unreserved'),
(12706, 25, 704, 'unreserved'),
(12707, 25, 705, 'unreserved'),
(12708, 25, 706, 'unreserved'),
(12709, 25, 707, 'unreserved'),
(12710, 25, 708, 'unreserved'),
(12711, 25, 709, 'unreserved'),
(12712, 25, 710, 'unreserved'),
(12713, 25, 711, 'unreserved'),
(12714, 25, 712, 'unreserved'),
(12715, 25, 713, 'unreserved'),
(12716, 25, 714, 'unreserved'),
(12717, 25, 715, 'unreserved'),
(12718, 25, 716, 'unreserved'),
(12719, 25, 717, 'unreserved'),
(12720, 25, 718, 'unreserved'),
(12721, 25, 719, 'unreserved'),
(12722, 25, 720, 'unreserved'),
(12723, 25, 721, 'unreserved'),
(12724, 25, 722, 'unreserved'),
(12725, 25, 723, 'unreserved'),
(12726, 25, 724, 'unreserved'),
(12727, 25, 725, 'unreserved'),
(12728, 25, 726, 'unreserved'),
(12729, 25, 727, 'unreserved'),
(12730, 25, 728, 'unreserved'),
(12731, 25, 729, 'unreserved'),
(12732, 25, 730, 'unreserved'),
(12733, 25, 731, 'unreserved'),
(12734, 25, 732, 'unreserved'),
(12735, 25, 733, 'unreserved'),
(12736, 25, 734, 'unreserved'),
(12737, 25, 735, 'unreserved'),
(12738, 25, 736, 'unreserved'),
(12739, 25, 737, 'unreserved'),
(12740, 25, 738, 'unreserved'),
(12741, 25, 739, 'unreserved'),
(12742, 25, 740, 'unreserved'),
(12743, 25, 741, 'unreserved'),
(12744, 25, 742, 'unreserved'),
(12745, 25, 743, 'unreserved'),
(12746, 25, 744, 'unreserved'),
(12747, 25, 745, 'unreserved'),
(12748, 25, 746, 'unreserved'),
(12749, 25, 747, 'unreserved'),
(12750, 25, 748, 'unreserved'),
(12751, 25, 749, 'unreserved'),
(12752, 25, 750, 'unreserved'),
(12753, 25, 751, 'unreserved'),
(12754, 25, 752, 'unreserved'),
(12755, 25, 753, 'unreserved'),
(12756, 25, 754, 'unreserved'),
(12757, 25, 755, 'unreserved'),
(12758, 25, 756, 'unreserved'),
(12759, 25, 757, 'unreserved'),
(12760, 25, 758, 'unreserved'),
(12761, 25, 759, 'unreserved'),
(12762, 25, 760, 'unreserved'),
(12763, 25, 761, 'unreserved'),
(12764, 25, 762, 'unreserved'),
(12765, 25, 763, 'unreserved'),
(12766, 25, 764, 'unreserved'),
(12767, 25, 765, 'unreserved'),
(12768, 25, 766, 'unreserved'),
(12769, 25, 767, 'unreserved'),
(12770, 25, 768, 'unreserved'),
(12771, 25, 769, 'unreserved'),
(12772, 25, 770, 'unreserved'),
(12773, 25, 771, 'unreserved'),
(12774, 25, 772, 'unreserved'),
(12775, 25, 773, 'unreserved'),
(12776, 25, 774, 'unreserved'),
(12777, 25, 775, 'unreserved'),
(12778, 25, 776, 'unreserved'),
(12779, 25, 777, 'unreserved'),
(12780, 25, 778, 'unreserved'),
(12781, 25, 779, 'unreserved'),
(12782, 25, 780, 'unreserved'),
(12783, 25, 781, 'unreserved'),
(12784, 25, 782, 'unreserved'),
(12785, 25, 783, 'unreserved'),
(12786, 25, 784, 'unreserved'),
(12787, 25, 785, 'unreserved'),
(12788, 25, 786, 'unreserved'),
(12789, 25, 787, 'unreserved'),
(12790, 25, 788, 'unreserved'),
(12791, 25, 789, 'unreserved'),
(12792, 25, 790, 'unreserved'),
(12793, 25, 791, 'unreserved'),
(12794, 25, 792, 'unreserved'),
(12795, 25, 793, 'unreserved'),
(12796, 25, 794, 'unreserved'),
(12797, 25, 795, 'unreserved'),
(12798, 25, 796, 'unreserved'),
(12799, 25, 797, 'unreserved'),
(12800, 25, 798, 'unreserved'),
(12801, 25, 799, 'unreserved'),
(12802, 25, 800, 'unreserved');

-- --------------------------------------------------------

--
-- Table structure for table `temp_seat`
--

CREATE TABLE `temp_seat` (
  `Seat_no` int(11) NOT NULL,
  `payment_id` int(11) NOT NULL
) ENGINE=InnoDB DEFAULT CHARSET=utf8mb4;

--
-- Dumping data for table `temp_seat`
--

INSERT INTO `temp_seat` (`Seat_no`, `payment_id`) VALUES
(13, 28),
(21, 33),
(143, 36),
(110, 38),
(783, 38),
(800, 38),
(231, 40),
(17, 46),
(18, 46),
(17, 47),
(18, 47),
(20, 48),
(19, 49),
(5, 50),
(5, 51),
(5, 54),
(782, 55),
(39, 59),
(40, 59),
(160, 60),
(33, 61),
(774, 65),
(24, 66),
(64, 66),
(24, 67),
(64, 67),
(9, 68),
(785, 69),
(785, 70),
(13, 72),
(1, 73),
(13, 74),
(40, 75),
(13, 76),
(40, 76),
(13, 77),
(40, 77),
(13, 78),
(40, 78),
(22, 79),
(22, 80),
(18, 81),
(34, 83),
(32, 88),
(305, 88),
(255, 89),
(256, 89),
(574, 90),
(587, 90),
(35, 92),
(35, 93),
(1, 94),
(41, 94),
(25, 96),
(146, 97),
(30, 98),
(137, 100),
(138, 100),
(34, 103),
(35, 103),
(36, 103);

-- --------------------------------------------------------

--
-- Table structure for table `ticket`
--

CREATE TABLE `ticket` (
  `Customer_id` int(11) NOT NULL,
  `Ticket_id` int(11) NOT NULL,
  `Schedule_id` int(11) NOT NULL,
  `Seat_id` int(11) NOT NULL,
  `Qr_code` varchar(200) NOT NULL,
  `Date` date NOT NULL,
  `Payment_id` int(11) NOT NULL,
  `Status` varchar(50) NOT NULL DEFAULT 'unused'
) ENGINE=InnoDB DEFAULT CHARSET=utf8mb4;

--
-- Dumping data for table `ticket`
--

INSERT INTO `ticket` (`Customer_id`, `Ticket_id`, `Schedule_id`, `Seat_id`, `Qr_code`, `Date`, `Payment_id`, `Status`) VALUES
(36, 17, 10, 169, '710605047', '2022-08-07', 27, 'used'),
(36, 18, 10, 299, '1900880000', '2022-08-07', 27, 'unused'),
(36, 19, 10, 331, '517599462', '2022-08-07', 27, 'unused'),
(36, 20, 10, 371, '1270032033', '2022-08-07', 27, 'used'),
(36, 21, 10, 411, '1374767176', '2022-08-07', 27, 'unused'),
(36, 22, 10, 15, '1235918527', '2022-08-07', 29, 'unused'),
(36, 23, 10, 11, '701618556', '2022-08-07', 30, 'unused'),
(36, 24, 10, 92, '388913021', '2022-08-07', 30, 'unused'),
(36, 25, 10, 10, '1041556338', '2022-08-07', 31, 'unused'),
(36, 26, 10, 23, '1010', '2022-08-07', 32, 'used'),
(36, 27, 10, 16, '1111', '2022-08-07', 34, 'unused'),
(36, 28, 10, 29, '861893', '2022-08-07', 35, 'used'),
(36, 29, 10, 69, '991962', '2022-08-07', 35, 'unused'),
(36, 30, 10, 109, '238428', '2022-08-07', 35, 'unused'),
(36, 31, 10, 145, '742157', '2022-08-07', 36, 'unused'),
(36, 32, 10, 112, '597688', '2022-08-07', 38, 'unused'),
(36, 33, 10, 785, '339818', '2022-08-07', 38, 'unused'),
(36, 34, 10, 802, '526642', '2022-08-07', 38, 'unused'),
(36, 35, 10, 233, '537760', '2022-08-07', 40, 'unused'),
(36, 36, 10, 19, '297722', '2022-08-08', 47, 'unused'),
(36, 37, 10, 20, '329797', '2022-08-08', 47, 'unused'),
(36, 38, 10, 22, '116465', '2022-08-08', 48, 'used'),
(36, 39, 10, 21, '258707', '2022-08-08', 49, 'unused'),
(36, 40, 10, 7, '814976', '2022-08-12', 54, 'unused'),
(36, 41, 10, 41, '600418', '2022-08-13', 59, 'unused'),
(36, 42, 10, 42, '771965', '2022-08-13', 59, 'unused'),
(36, 43, 10, 26, '476766', '2022-08-17', 67, 'unused'),
(36, 44, 10, 66, '886253', '2022-08-17', 67, 'unused'),
(36, 45, 14, 3211, '396883', '2022-08-18', 68, 'unused'),
(48, 46, 14, 3203, '163683', '2022-08-20', 73, 'unused'),
(36, 47, 14, 3224, '627455', '2022-08-21', 80, 'used'),
(36, 48, 10, 34, '394631', '2022-08-23', 88, 'unused'),
(36, 49, 10, 307, '955304', '2022-08-23', 88, 'unused'),
(16, 50, 10, 576, '137058', '2022-08-23', 90, 'used'),
(16, 51, 10, 589, '787274', '2022-08-23', 90, 'unused'),
(36, 52, 10, 37, '125698', '2022-08-23', 92, 'unused'),
(16, 53, 24, 11203, '609031', '2022-08-23', 94, 'unused'),
(16, 54, 24, 11243, '602586', '2022-08-23', 94, 'unused'),
(16, 55, 24, 11227, '755565', '2022-08-24', 96, 'unused'),
(16, 56, 10, 139, '408537', '2022-08-24', 100, 'unused'),
(16, 57, 10, 140, '428587', '2022-08-24', 100, 'unused'),
(16, 58, 24, 11236, '747279', '2022-08-24', 103, 'unused'),
(16, 59, 24, 11237, '404590', '2022-08-24', 103, 'unused'),
(16, 60, 24, 11238, '999234', '2022-08-24', 103, 'unused');

--
-- Indexes for dumped tables
--

--
-- Indexes for table `account`
--
ALTER TABLE `account`
  ADD PRIMARY KEY (`Account_id`);

--
-- Indexes for table `comment`
--
ALTER TABLE `comment`
  ADD PRIMARY KEY (`Comment_id`),
  ADD KEY `to` (`Movie_id`),
  ADD KEY `send` (`Customer_id`);

--
-- Indexes for table `contact_us`
--
ALTER TABLE `contact_us`
  ADD PRIMARY KEY (`Contact_id`);

--
-- Indexes for table `customer`
--
ALTER TABLE `customer`
  ADD PRIMARY KEY (`Customer_id`);

--
-- Indexes for table `employee`
--
ALTER TABLE `employee`
  ADD PRIMARY KEY (`Employee_id`);

--
-- Indexes for table `log_file`
--
ALTER TABLE `log_file`
  ADD PRIMARY KEY (`Log_id`),
  ADD KEY `Account_id` (`Account_id`);

--
-- Indexes for table `movies`
--
ALTER TABLE `movies`
  ADD PRIMARY KEY (`Movie_id`);

--
-- Indexes for table `news`
--
ALTER TABLE `news`
  ADD PRIMARY KEY (`News_id`),
  ADD KEY `news_ibfk_1` (`Employee_id`);

--
-- Indexes for table `payment`
--
ALTER TABLE `payment`
  ADD PRIMARY KEY (`Payment_id`),
  ADD KEY `Schedule_id` (`Schedule_id`),
  ADD KEY `Customer_id` (`Customer_id`);

--
-- Indexes for table `replay`
--
ALTER TABLE `replay`
  ADD PRIMARY KEY (`Replay_id`),
  ADD KEY `Comment_id` (`Comment_id`),
  ADD KEY `Customer_id` (`Customer_id`);

--
-- Indexes for table `schedule`
--
ALTER TABLE `schedule`
  ADD PRIMARY KEY (`Schedule_id`),
  ADD KEY `schedule_ibfk_1` (`Movie_id`);

--
-- Indexes for table `seat`
--
ALTER TABLE `seat`
  ADD PRIMARY KEY (`Seat_id`),
  ADD KEY `seat_ibfk_1` (`Schedule_id`);

--
-- Indexes for table `ticket`
--
ALTER TABLE `ticket`
  ADD PRIMARY KEY (`Ticket_id`),
  ADD KEY `Seat_id` (`Seat_id`),
  ADD KEY `Payment_id` (`Payment_id`);

--
-- AUTO_INCREMENT for dumped tables
--

--
-- AUTO_INCREMENT for table `account`
--
ALTER TABLE `account`
  MODIFY `Account_id` int(11) NOT NULL AUTO_INCREMENT, AUTO_INCREMENT=73;

--
-- AUTO_INCREMENT for table `comment`
--
ALTER TABLE `comment`
  MODIFY `Comment_id` int(11) NOT NULL AUTO_INCREMENT, AUTO_INCREMENT=61;

--
-- AUTO_INCREMENT for table `contact_us`
--
ALTER TABLE `contact_us`
  MODIFY `Contact_id` int(11) NOT NULL AUTO_INCREMENT, AUTO_INCREMENT=18;

--
-- AUTO_INCREMENT for table `log_file`
--
ALTER TABLE `log_file`
  MODIFY `Log_id` int(11) NOT NULL AUTO_INCREMENT, AUTO_INCREMENT=181;

--
-- AUTO_INCREMENT for table `movies`
--
ALTER TABLE `movies`
  MODIFY `Movie_id` int(11) NOT NULL AUTO_INCREMENT, AUTO_INCREMENT=13;

--
-- AUTO_INCREMENT for table `news`
--
ALTER TABLE `news`
  MODIFY `News_id` int(11) NOT NULL AUTO_INCREMENT, AUTO_INCREMENT=34;

--
-- AUTO_INCREMENT for table `payment`
--
ALTER TABLE `payment`
  MODIFY `Payment_id` int(11) NOT NULL AUTO_INCREMENT, AUTO_INCREMENT=104;

--
-- AUTO_INCREMENT for table `replay`
--
ALTER TABLE `replay`
  MODIFY `Replay_id` int(11) NOT NULL AUTO_INCREMENT, AUTO_INCREMENT=17;

--
-- AUTO_INCREMENT for table `schedule`
--
ALTER TABLE `schedule`
  MODIFY `Schedule_id` int(11) NOT NULL AUTO_INCREMENT, AUTO_INCREMENT=26;

--
-- AUTO_INCREMENT for table `seat`
--
ALTER TABLE `seat`
  MODIFY `Seat_id` int(11) NOT NULL AUTO_INCREMENT, AUTO_INCREMENT=12803;

--
-- AUTO_INCREMENT for table `ticket`
--
ALTER TABLE `ticket`
  MODIFY `Ticket_id` int(11) NOT NULL AUTO_INCREMENT, AUTO_INCREMENT=61;

--
-- Constraints for dumped tables
--

--
-- Constraints for table `comment`
--
ALTER TABLE `comment`
  ADD CONSTRAINT `send` FOREIGN KEY (`Customer_id`) REFERENCES `customer` (`Customer_id`) ON DELETE CASCADE ON UPDATE CASCADE,
  ADD CONSTRAINT `to` FOREIGN KEY (`Movie_id`) REFERENCES `movies` (`Movie_id`);

--
-- Constraints for table `customer`
--
ALTER TABLE `customer`
  ADD CONSTRAINT `customer_ibfk_1` FOREIGN KEY (`Customer_id`) REFERENCES `account` (`Account_id`) ON DELETE CASCADE ON UPDATE CASCADE;

--
-- Constraints for table `employee`
--
ALTER TABLE `employee`
  ADD CONSTRAINT `employee_ibfk_1` FOREIGN KEY (`Employee_id`) REFERENCES `account` (`Account_id`) ON DELETE CASCADE ON UPDATE CASCADE;

--
-- Constraints for table `log_file`
--
ALTER TABLE `log_file`
  ADD CONSTRAINT `log_file_ibfk_1` FOREIGN KEY (`Account_id`) REFERENCES `account` (`Account_id`);

--
-- Constraints for table `news`
--
ALTER TABLE `news`
  ADD CONSTRAINT `news_ibfk_1` FOREIGN KEY (`Employee_id`) REFERENCES `employee` (`Employee_id`) ON DELETE CASCADE ON UPDATE CASCADE;

--
-- Constraints for table `payment`
--
ALTER TABLE `payment`
  ADD CONSTRAINT `payment_ibfk_1` FOREIGN KEY (`Schedule_id`) REFERENCES `schedule` (`Schedule_id`),
  ADD CONSTRAINT `payment_ibfk_2` FOREIGN KEY (`Customer_id`) REFERENCES `customer` (`Customer_id`);

--
-- Constraints for table `replay`
--
ALTER TABLE `replay`
  ADD CONSTRAINT `replay_ibfk_1` FOREIGN KEY (`Comment_id`) REFERENCES `comment` (`Comment_id`) ON DELETE CASCADE ON UPDATE CASCADE,
  ADD CONSTRAINT `replay_ibfk_2` FOREIGN KEY (`Customer_id`) REFERENCES `customer` (`Customer_id`);

--
-- Constraints for table `schedule`
--
ALTER TABLE `schedule`
  ADD CONSTRAINT `schedule_ibfk_1` FOREIGN KEY (`Movie_id`) REFERENCES `movies` (`Movie_id`);

--
-- Constraints for table `seat`
--
ALTER TABLE `seat`
  ADD CONSTRAINT `seat_ibfk_1` FOREIGN KEY (`Schedule_id`) REFERENCES `schedule` (`Schedule_id`) ON DELETE CASCADE ON UPDATE CASCADE;

--
-- Constraints for table `ticket`
--
ALTER TABLE `ticket`
  ADD CONSTRAINT `ticket_ibfk_4` FOREIGN KEY (`Seat_id`) REFERENCES `seat` (`Seat_id`) ON DELETE CASCADE ON UPDATE CASCADE,
  ADD CONSTRAINT `ticket_ibfk_5` FOREIGN KEY (`Payment_id`) REFERENCES `payment` (`Payment_id`);
COMMIT;

/*!40101 SET CHARACTER_SET_CLIENT=@OLD_CHARACTER_SET_CLIENT */;
/*!40101 SET CHARACTER_SET_RESULTS=@OLD_CHARACTER_SET_RESULTS */;
/*!40101 SET COLLATION_CONNECTION=@OLD_COLLATION_CONNECTION */;
